id,content_type,parent_id,category_id,status,fi_checked,en_checked,options_checked,correct_answer_checked,explanation_checked,clues_checked,notes,reviewed_at,reviewed_by
Q001,bank_question,,passenger_safety,pending,FALSE,FALSE,FALSE,FALSE,FALSE,FALSE,,,
Q002,bank_question,,passenger_safety,pending,FALSE,FALSE,FALSE,FALSE,FALSE,FALSE,,,
Q003,bank_question,,passenger_safety,pending,FALSE,FALSE,FALSE,FALSE,FALSE,FALSE,,,
Q004,bank_question,,passenger_safety,pending,FALSE,FALSE,FALSE,FALSE,FALSE,FALSE,,,
Q005,bank_question,,passenger_safety,pending,FALSE,FALSE,FALSE,FALSE,FALSE,FALSE,,,
Q006,bank_question,,passenger_safety,pending,FALSE,FALSE,FALSE,FALSE,FALSE,FALSE,,,
Q007,bank_question,,passenger_safety,pending,FALSE,FALSE,FALSE,FALSE,FALSE,FALSE,,,
Q008,bank_question,,passenger_safety,pending,FALSE,FALSE,FALSE,FALSE,FALSE,FALSE,,,
Q009,bank_question,,passenger_safety,pending,FALSE,FALSE,FALSE,FALSE,FALSE,FALSE,,,
Q010,bank_question,,passenger_safety,pending,FALSE,FALSE,FALSE,FALSE,FALSE,FALSE,,,
Q011,bank_question,,passenger_safety,pending,FALSE,FALSE,FALSE,FALSE,FALSE,FALSE,,,
Q012,bank_question,,passenger_safety,pending,FALSE,FALSE,FALSE,FALSE,FALSE,FALSE,,,
Q013,bank_question,,passenger_safety,pending,FALSE,FALSE,FALSE,FALSE,FALSE,FALSE,,,
Q014,bank_question,,passenger_safety,pending,FALSE,FALSE,FALSE,FALSE,FALSE,FALSE,,,
Q015,bank_question,,passenger_safety,pending,FALSE,FALSE,FALSE,FALSE,FALSE,FALSE,,,
Q016,bank_question,,passenger_safety,pending,FALSE,FALSE,FALSE,FALSE,FALSE,FALSE,,,
Q017,bank_question,,passenger_safety,pending,FALSE,FALSE,FALSE,FALSE,FALSE,FALSE,,,
Q018,bank_question,,passenger_safety,pending,FALSE,FALSE,FALSE,FALSE,FALSE,FALSE,,,
Q019,bank_question,,passenger_safety,pending,FALSE,FALSE,FALSE,FALSE,FALSE,FALSE,,,
Q020,bank_question,,passenger_safety,pending,FALSE,FALSE,FALSE,FALSE,FALSE,FALSE,,,
Q021,bank_question,,passenger_safety,pending,FALSE,FALSE,FALSE,FALSE,FALSE,FALSE,,,
Q022,bank_question,,passenger_safety,pending,FALSE,FALSE,FALSE,FALSE,FALSE,FALSE,,,
Q023,bank_question,,passenger_safety,pending,FALSE,FALSE,FALSE,FALSE,FALSE,FALSE,,,
Q024,bank_question,,passenger_safety,pending,FALSE,FALSE,FALSE,FALSE,FALSE,FALSE,,,
Q025,bank_question,,passenger_safety,pending,FALSE,FALSE,FALSE,FALSE,FALSE,FALSE,,,
Q026,bank_question,,passenger_safety,pending,FALSE,FALSE,FALSE,FALSE,FALSE,FALSE,,,
Q027,bank_question,,passenger_safety,pending,FALSE,FALSE,FALSE,FALSE,FALSE,FALSE,,,
Q028,bank_question,,passenger_safety,pending,FALSE,FALSE,FALSE,FALSE,FALSE,FALSE,,,
Q029,bank_question,,passenger_safety,pending,FALSE,FALSE,FALSE,FALSE,FALSE,FALSE,,,
Q030,bank_question,,passenger_safety,pending,FALSE,FALSE,FALSE,FALSE,FALSE,FALSE,,,
Q031,bank_question,,passenger_safety,pending,FALSE,FALSE,FALSE,FALSE,FALSE,FALSE,,,
Q032,bank_question,,passenger_safety,pending,FALSE,FALSE,FALSE,FALSE,FALSE,FALSE,,,
Q033,bank_question,,passenger_safety,pending,FALSE,FALSE,FALSE,FALSE,FALSE,FALSE,,,
Q034,bank_question,,passenger_safety,pending,FALSE,FALSE,FALSE,FALSE,FALSE,FALSE,,,
Q035,bank_question,,passenger_safety,pending,FALSE,FALSE,FALSE,FALSE,FALSE,FALSE,,,
Q036,bank_question,,passenger_safety,pending,FALSE,FALSE,FALSE,FALSE,FALSE,FALSE,,,
Q037,bank_question,,passenger_safety,pending,FALSE,FALSE,FALSE,FALSE,FALSE,FALSE,,,
Q038,bank_question,,passenger_safety,pending,FALSE,FALSE,FALSE,FALSE,FALSE,FALSE,,,
Q039,bank_question,,passenger_safety,pending,FALSE,FALSE,FALSE,FALSE,FALSE,FALSE,,,
Q040,bank_question,,passenger_safety,pending,FALSE,FALSE,FALSE,FALSE,FALSE,FALSE,,,
Q041,bank_question,,passenger_safety,pending,FALSE,FALSE,FALSE,FALSE,FALSE,FALSE,,,
Q042,bank_question,,passenger_safety,pending,FALSE,FALSE,FALSE,FALSE,FALSE,FALSE,,,
Q043,bank_question,,passenger_safety,pending,FALSE,FALSE,FALSE,FALSE,FALSE,FALSE,,,
Q044,bank_question,,passenger_safety,pending,FALSE,FALSE,FALSE,FALSE,FALSE,FALSE,,,
Q045,bank_question,,passenger_safety,pending,FALSE,FALSE,FALSE,FALSE,FALSE,FALSE,,,
Q046,bank_question,,passenger_safety,pending,FALSE,FALSE,FALSE,FALSE,FALSE,FALSE,,,
Q047,bank_question,,passenger_safety,pending,FALSE,FALSE,FALSE,FALSE,FALSE,FALSE,,,
Q048,bank_question,,passenger_safety,pending,FALSE,FALSE,FALSE,FALSE,FALSE,FALSE,,,
Q049,bank_question,,passenger_safety,pending,FALSE,FALSE,FALSE,FALSE,FALSE,FALSE,,,
Q050,bank_question,,passenger_safety,pending,FALSE,FALSE,FALSE,FALSE,FALSE,FALSE,,,
Q051,bank_question,,passenger_safety,pending,FALSE,FALSE,FALSE,FALSE,FALSE,FALSE,,,
Q052,bank_question,,passenger_safety,pending,FALSE,FALSE,FALSE,FALSE,FALSE,FALSE,,,
Q053,bank_question,,passenger_safety,pending,FALSE,FALSE,FALSE,FALSE,FALSE,FALSE,,,
Q054,bank_question,,passenger_safety,pending,FALSE,FALSE,FALSE,FALSE,FALSE,FALSE,,,
Q055,bank_question,,passenger_safety,pending,FALSE,FALSE,FALSE,FALSE,FALSE,FALSE,,,
Q056,bank_question,,passenger_safety,pending,FALSE,FALSE,FALSE,FALSE,FALSE,FALSE,,,
Q057,bank_question,,passenger_safety,pending,FALSE,FALSE,FALSE,FALSE,FALSE,FALSE,,,
Q058,bank_question,,passenger_safety,pending,FALSE,FALSE,FALSE,FALSE,FALSE,FALSE,,,
Q059,bank_question,,passenger_safety,pending,FALSE,FALSE,FALSE,FALSE,FALSE,FALSE,,,
Q060,bank_question,,passenger_safety,pending,FALSE,FALSE,FALSE,FALSE,FALSE,FALSE,,,
Q061,bank_question,,passenger_safety,pending,FALSE,FALSE,FALSE,FALSE,FALSE,FALSE,,,
Q062,bank_question,,passenger_safety,pending,FALSE,FALSE,FALSE,FALSE,FALSE,FALSE,,,
Q063,bank_question,,passenger_safety,pending,FALSE,FALSE,FALSE,FALSE,FALSE,FALSE,,,
Q064,bank_question,,passenger_safety,pending,FALSE,FALSE,FALSE,FALSE,FALSE,FALSE,,,
Q065,bank_question,,passenger_safety,pending,FALSE,FALSE,FALSE,FALSE,FALSE,FALSE,,,
Q066,bank_question,,passenger_safety,pending,FALSE,FALSE,FALSE,FALSE,FALSE,FALSE,,,
Q067,bank_question,,passenger_safety,pending,FALSE,FALSE,FALSE,FALSE,FALSE,FALSE,,,
Q068,bank_question,,passenger_safety,pending,FALSE,FALSE,FALSE,FALSE,FALSE,FALSE,,,
Q069,bank_question,,passenger_safety,pending,FALSE,FALSE,FALSE,FALSE,FALSE,FALSE,,,
Q070,bank_question,,passenger_safety,pending,FALSE,FALSE,FALSE,FALSE,FALSE,FALSE,,,
Q071,bank_question,,passenger_safety,pending,FALSE,FALSE,FALSE,FALSE,FALSE,FALSE,,,
Q072,bank_question,,passenger_safety,pending,FALSE,FALSE,FALSE,FALSE,FALSE,FALSE,,,
Q073,bank_question,,passenger_safety,pending,FALSE,FALSE,FALSE,FALSE,FALSE,FALSE,,,
Q074,bank_question,,passenger_safety,pending,FALSE,FALSE,FALSE,FALSE,FALSE,FALSE,,,
Q075,bank_question,,passenger_safety,pending,FALSE,FALSE,FALSE,FALSE,FALSE,FALSE,,,
Q076,bank_question,,passenger_safety,pending,FALSE,FALSE,FALSE,FALSE,FALSE,FALSE,,,
Q077,bank_question,,passenger_safety,pending,FALSE,FALSE,FALSE,FALSE,FALSE,FALSE,,,
Q078,bank_question,,passenger_safety,pending,FALSE,FALSE,FALSE,FALSE,FALSE,FALSE,,,
Q079,bank_question,,passenger_safety,pending,FALSE,FALSE,FALSE,FALSE,FALSE,FALSE,,,
Q080,bank_question,,passenger_safety,pending,FALSE,FALSE,FALSE,FALSE,FALSE,FALSE,,,
Q081,bank_question,,passenger_safety,pending,FALSE,FALSE,FALSE,FALSE,FALSE,FALSE,,,
Q082,bank_question,,passenger_safety,pending,FALSE,FALSE,FALSE,FALSE,FALSE,FALSE,,,
Q083,bank_question,,passenger_safety,pending,FALSE,FALSE,FALSE,FALSE,FALSE,FALSE,,,
Q084,bank_question,,passenger_safety,pending,FALSE,FALSE,FALSE,FALSE,FALSE,FALSE,,,
Q085,bank_question,,passenger_safety,pending,FALSE,FALSE,FALSE,FALSE,FALSE,FALSE,,,
Q086,bank_question,,passenger_safety,pending,FALSE,FALSE,FALSE,FALSE,FALSE,FALSE,,,
Q087,bank_question,,passenger_safety,pending,FALSE,FALSE,FALSE,FALSE,FALSE,FALSE,,,
Q088,bank_question,,passenger_safety,pending,FALSE,FALSE,FALSE,FALSE,FALSE,FALSE,,,
Q089,bank_question,,passenger_safety,pending,FALSE,FALSE,FALSE,FALSE,FALSE,FALSE,,,
Q090,bank_question,,passenger_safety,pending,FALSE,FALSE,FALSE,FALSE,FALSE,FALSE,,,
Q091,bank_question,,passenger_safety,pending,FALSE,FALSE,FALSE,FALSE,FALSE,FALSE,,,
Q092,bank_question,,special_needs,pending,FALSE,FALSE,FALSE,FALSE,FALSE,FALSE,,,
Q093,bank_question,,special_needs,pending,FALSE,FALSE,FALSE,FALSE,FALSE,FALSE,,,
Q094,bank_question,,special_needs,pending,FALSE,FALSE,FALSE,FALSE,FALSE,FALSE,,,
Q095,bank_question,,special_needs,pending,FALSE,FALSE,FALSE,FALSE,FALSE,FALSE,,,
Q096,bank_question,,special_needs,pending,FALSE,FALSE,FALSE,FALSE,FALSE,FALSE,,,
Q097,bank_question,,special_needs,pending,FALSE,FALSE,FALSE,FALSE,FALSE,FALSE,,,
Q098,bank_question,,special_needs,pending,FALSE,FALSE,FALSE,FALSE,FALSE,FALSE,,,
Q099,bank_question,,special_needs,pending,FALSE,FALSE,FALSE,FALSE,FALSE,FALSE,,,
Q100,bank_question,,special_needs,pending,FALSE,FALSE,FALSE,FALSE,FALSE,FALSE,,,
Q101,bank_question,,special_needs,pending,FALSE,FALSE,FALSE,FALSE,FALSE,FALSE,,,
Q102,bank_question,,special_needs,pending,FALSE,FALSE,FALSE,FALSE,FALSE,FALSE,,,
Q103,bank_question,,special_needs,pending,FALSE,FALSE,FALSE,FALSE,FALSE,FALSE,,,
Q104,bank_question,,special_needs,pending,FALSE,FALSE,FALSE,FALSE,FALSE,FALSE,,,
Q105,bank_question,,special_needs,pending,FALSE,FALSE,FALSE,FALSE,FALSE,FALSE,,,
Q106,bank_question,,special_needs,pending,FALSE,FALSE,FALSE,FALSE,FALSE,FALSE,,,
Q107,bank_question,,special_needs,pending,FALSE,FALSE,FALSE,FALSE,FALSE,FALSE,,,
Q108,bank_question,,special_needs,pending,FALSE,FALSE,FALSE,FALSE,FALSE,FALSE,,,
Q109,bank_question,,special_needs,pending,FALSE,FALSE,FALSE,FALSE,FALSE,FALSE,,,
Q110,bank_question,,special_needs,pending,FALSE,FALSE,FALSE,FALSE,FALSE,FALSE,,,
Q111,bank_question,,special_needs,pending,FALSE,FALSE,FALSE,FALSE,FALSE,FALSE,,,
Q112,bank_question,,special_needs,pending,FALSE,FALSE,FALSE,FALSE,FALSE,FALSE,,,
Q113,bank_question,,special_needs,pending,FALSE,FALSE,FALSE,FALSE,FALSE,FALSE,,,
Q114,bank_question,,special_needs,pending,FALSE,FALSE,FALSE,FALSE,FALSE,FALSE,,,
Q115,bank_question,,special_needs,pending,FALSE,FALSE,FALSE,FALSE,FALSE,FALSE,,,
Q116,bank_question,,special_needs,pending,FALSE,FALSE,FALSE,FALSE,FALSE,FALSE,,,
Q117,bank_question,,special_needs,pending,FALSE,FALSE,FALSE,FALSE,FALSE,FALSE,,,
Q118,bank_question,,special_needs,pending,FALSE,FALSE,FALSE,FALSE,FALSE,FALSE,,,
Q119,bank_question,,special_needs,pending,FALSE,FALSE,FALSE,FALSE,FALSE,FALSE,,,
Q120,bank_question,,special_needs,pending,FALSE,FALSE,FALSE,FALSE,FALSE,FALSE,,,
Q121,bank_question,,special_needs,pending,FALSE,FALSE,FALSE,FALSE,FALSE,FALSE,,,
Q122,bank_question,,special_needs,pending,FALSE,FALSE,FALSE,FALSE,FALSE,FALSE,,,
Q123,bank_question,,special_needs,pending,FALSE,FALSE,FALSE,FALSE,FALSE,FALSE,,,
Q124,bank_question,,special_needs,pending,FALSE,FALSE,FALSE,FALSE,FALSE,FALSE,,,
Q125,bank_question,,special_needs,pending,FALSE,FALSE,FALSE,FALSE,FALSE,FALSE,,,
Q126,bank_question,,special_needs,pending,FALSE,FALSE,FALSE,FALSE,FALSE,FALSE,,,
Q127,bank_question,,special_needs,pending,FALSE,FALSE,FALSE,FALSE,FALSE,FALSE,,,
Q128,bank_question,,special_needs,pending,FALSE,FALSE,FALSE,FALSE,FALSE,FALSE,,,
Q129,bank_question,,special_needs,pending,FALSE,FALSE,FALSE,FALSE,FALSE,FALSE,,,
Q130,bank_question,,special_needs,pending,FALSE,FALSE,FALSE,FALSE,FALSE,FALSE,,,
Q131,bank_question,,special_needs,pending,FALSE,FALSE,FALSE,FALSE,FALSE,FALSE,,,
Q132,bank_question,,special_needs,pending,FALSE,FALSE,FALSE,FALSE,FALSE,FALSE,,,
Q133,bank_question,,special_needs,pending,FALSE,FALSE,FALSE,FALSE,FALSE,FALSE,,,
Q134,bank_question,,special_needs,pending,FALSE,FALSE,FALSE,FALSE,FALSE,FALSE,,,
Q135,bank_question,,special_needs,pending,FALSE,FALSE,FALSE,FALSE,FALSE,FALSE,,,
Q136,bank_question,,special_needs,pending,FALSE,FALSE,FALSE,FALSE,FALSE,FALSE,,,
Q137,bank_question,,special_needs,pending,FALSE,FALSE,FALSE,FALSE,FALSE,FALSE,,,
Q138,bank_question,,special_needs,pending,FALSE,FALSE,FALSE,FALSE,FALSE,FALSE,,,
Q139,bank_question,,special_needs,pending,FALSE,FALSE,FALSE,FALSE,FALSE,FALSE,,,
Q140,bank_question,,special_needs,pending,FALSE,FALSE,FALSE,FALSE,FALSE,FALSE,,,
Q141,bank_question,,special_needs,pending,FALSE,FALSE,FALSE,FALSE,FALSE,FALSE,,,
Q142,bank_question,,special_needs,pending,FALSE,FALSE,FALSE,FALSE,FALSE,FALSE,,,
Q143,bank_question,,special_needs,pending,FALSE,FALSE,FALSE,FALSE,FALSE,FALSE,,,
Q144,bank_question,,special_needs,pending,FALSE,FALSE,FALSE,FALSE,FALSE,FALSE,,,
Q145,bank_question,,special_needs,pending,FALSE,FALSE,FALSE,FALSE,FALSE,FALSE,,,
Q146,bank_question,,special_needs,pending,FALSE,FALSE,FALSE,FALSE,FALSE,FALSE,,,
Q147,bank_question,,special_needs,pending,FALSE,FALSE,FALSE,FALSE,FALSE,FALSE,,,
Q148,bank_question,,special_needs,pending,FALSE,FALSE,FALSE,FALSE,FALSE,FALSE,,,
Q149,bank_question,,customer_service,pending,FALSE,FALSE,FALSE,FALSE,FALSE,FALSE,,,
Q150,bank_question,,customer_service,pending,FALSE,FALSE,FALSE,FALSE,FALSE,FALSE,,,
Q151,bank_question,,customer_service,pending,FALSE,FALSE,FALSE,FALSE,FALSE,FALSE,,,
Q152,bank_question,,customer_service,pending,FALSE,FALSE,FALSE,FALSE,FALSE,FALSE,,,
Q153,bank_question,,customer_service,pending,FALSE,FALSE,FALSE,FALSE,FALSE,FALSE,,,
Q154,bank_question,,customer_service,pending,FALSE,FALSE,FALSE,FALSE,FALSE,FALSE,,,
Q155,bank_question,,customer_service,pending,FALSE,FALSE,FALSE,FALSE,FALSE,FALSE,,,
Q156,bank_question,,customer_service,pending,FALSE,FALSE,FALSE,FALSE,FALSE,FALSE,,,
Q157,bank_question,,customer_service,pending,FALSE,FALSE,FALSE,FALSE,FALSE,FALSE,,,
Q158,bank_question,,customer_service,pending,FALSE,FALSE,FALSE,FALSE,FALSE,FALSE,,,
Q159,bank_question,,customer_service,pending,FALSE,FALSE,FALSE,FALSE,FALSE,FALSE,,,
Q160,bank_question,,customer_service,pending,FALSE,FALSE,FALSE,FALSE,FALSE,FALSE,,,
Q161,bank_question,,customer_service,pending,FALSE,FALSE,FALSE,FALSE,FALSE,FALSE,,,
Q162,bank_question,,customer_service,pending,FALSE,FALSE,FALSE,FALSE,FALSE,FALSE,,,
Q163,bank_question,,customer_service,pending,FALSE,FALSE,FALSE,FALSE,FALSE,FALSE,,,
Q164,bank_question,,customer_service,pending,FALSE,FALSE,FALSE,FALSE,FALSE,n/a,,,
Q165,bank_question,,customer_service,pending,FALSE,FALSE,FALSE,FALSE,FALSE,FALSE,,,
Q166,bank_question,,customer_service,pending,FALSE,FALSE,FALSE,FALSE,FALSE,n/a,,,
Q167,bank_question,,customer_service,pending,FALSE,FALSE,FALSE,FALSE,FALSE,FALSE,,,
Q168,bank_question,,customer_service,pending,FALSE,FALSE,FALSE,FALSE,FALSE,FALSE,,,
Q169,bank_question,,customer_service,pending,FALSE,FALSE,FALSE,FALSE,FALSE,FALSE,,,
Q170,bank_question,,customer_service,pending,FALSE,FALSE,FALSE,FALSE,FALSE,FALSE,,,
Q171,bank_question,,customer_service,pending,FALSE,FALSE,FALSE,FALSE,FALSE,n/a,,,
Q172,bank_question,,customer_service,pending,FALSE,FALSE,FALSE,FALSE,FALSE,FALSE,,,
Q173,bank_question,,customer_service,pending,FALSE,FALSE,FALSE,FALSE,FALSE,FALSE,,,
Q174,bank_question,,customer_service,pending,FALSE,FALSE,FALSE,FALSE,FALSE,FALSE,,,
Q175,bank_question,,customer_service,pending,FALSE,FALSE,FALSE,FALSE,FALSE,FALSE,,,
Q176,bank_question,,customer_service,pending,FALSE,FALSE,FALSE,FALSE,FALSE,FALSE,,,
Q177,bank_question,,customer_service,pending,FALSE,FALSE,FALSE,FALSE,FALSE,FALSE,,,
Q178,bank_question,,customer_service,pending,FALSE,FALSE,FALSE,FALSE,FALSE,n/a,,,
Q179,bank_question,,customer_service,pending,FALSE,FALSE,FALSE,FALSE,FALSE,FALSE,,,
Q180,bank_question,,customer_service,pending,FALSE,FALSE,FALSE,FALSE,FALSE,FALSE,,,
Q181,bank_question,,customer_service,pending,FALSE,FALSE,FALSE,FALSE,FALSE,FALSE,,,
Q182,bank_question,,customer_service,pending,FALSE,FALSE,FALSE,FALSE,FALSE,FALSE,,,
Q183,bank_question,,customer_service,pending,FALSE,FALSE,FALSE,FALSE,FALSE,FALSE,,,
Q184,bank_question,,customer_service,pending,FALSE,FALSE,FALSE,FALSE,FALSE,FALSE,,,
Q185,bank_question,,customer_service,pending,FALSE,FALSE,FALSE,FALSE,FALSE,FALSE,,,
Q186,bank_question,,customer_service,pending,FALSE,FALSE,FALSE,FALSE,FALSE,FALSE,,,
Q187,bank_question,,customer_service,pending,FALSE,FALSE,FALSE,FALSE,FALSE,FALSE,,,
Q188,bank_question,,customer_service,pending,FALSE,FALSE,FALSE,FALSE,FALSE,FALSE,,,
Q189,bank_question,,customer_service,pending,FALSE,FALSE,FALSE,FALSE,FALSE,FALSE,,,
Q190,bank_question,,customer_service,pending,FALSE,FALSE,FALSE,FALSE,FALSE,FALSE,,,
Q191,bank_question,,customer_service,pending,FALSE,FALSE,FALSE,FALSE,FALSE,FALSE,,,
Q192,bank_question,,customer_service,pending,FALSE,FALSE,FALSE,FALSE,FALSE,FALSE,,,
Q193,bank_question,,customer_service,pending,FALSE,FALSE,FALSE,FALSE,FALSE,FALSE,,,
Q194,bank_question,,customer_service,pending,FALSE,FALSE,FALSE,FALSE,FALSE,FALSE,,,
Q195,bank_question,,customer_service,pending,FALSE,FALSE,FALSE,FALSE,FALSE,FALSE,,,
Q196,bank_question,,customer_service,pending,FALSE,FALSE,FALSE,FALSE,FALSE,FALSE,,,
Q197,bank_question,,customer_service,pending,FALSE,FALSE,FALSE,FALSE,FALSE,FALSE,,,
Q198,bank_question,,customer_service,pending,FALSE,FALSE,FALSE,FALSE,FALSE,FALSE,,,
Q199,bank_question,,customer_service,pending,FALSE,FALSE,FALSE,FALSE,FALSE,FALSE,,,
Q200,bank_question,,customer_service,pending,FALSE,FALSE,FALSE,FALSE,FALSE,FALSE,,,
Q201,bank_question,,customer_service,pending,FALSE,FALSE,FALSE,FALSE,FALSE,FALSE,,,
Q202,bank_question,,customer_service,pending,FALSE,FALSE,FALSE,FALSE,FALSE,FALSE,,,
Q203,bank_question,,customer_service,pending,FALSE,FALSE,FALSE,FALSE,FALSE,FALSE,,,
Q204,bank_question,,customer_service,pending,FALSE,FALSE,FALSE,FALSE,FALSE,FALSE,,,
Q205,bank_question,,customer_service,pending,FALSE,FALSE,FALSE,FALSE,FALSE,FALSE,,,
Q206,bank_question,,customer_service,pending,FALSE,FALSE,FALSE,FALSE,FALSE,FALSE,,,
Q207,bank_question,,customer_service,pending,FALSE,FALSE,FALSE,FALSE,FALSE,FALSE,,,
Q208,bank_question,,customer_service,pending,FALSE,FALSE,FALSE,FALSE,FALSE,FALSE,,,
Q209,bank_question,,customer_service,pending,FALSE,FALSE,FALSE,FALSE,FALSE,FALSE,,,
Q210,bank_question,,customer_service,pending,FALSE,FALSE,FALSE,FALSE,FALSE,FALSE,,,
Q211,bank_question,,customer_service,pending,FALSE,FALSE,FALSE,FALSE,FALSE,FALSE,,,
Q212,bank_question,,customer_service,pending,FALSE,FALSE,FALSE,FALSE,FALSE,FALSE,,,
Q213,bank_question,,customer_service,pending,FALSE,FALSE,FALSE,FALSE,FALSE,FALSE,,,
Q214,bank_question,,customer_service,pending,FALSE,FALSE,FALSE,FALSE,FALSE,FALSE,,,
Q215,bank_question,,customer_service,pending,FALSE,FALSE,FALSE,FALSE,FALSE,FALSE,,,
Q216,bank_question,,customer_service,pending,FALSE,FALSE,FALSE,FALSE,FALSE,FALSE,,,
Q217,bank_question,,customer_service,pending,FALSE,FALSE,FALSE,FALSE,FALSE,FALSE,,,
Q218,bank_question,,customer_service,pending,FALSE,FALSE,FALSE,FALSE,FALSE,FALSE,,,
Q219,bank_question,,customer_service,pending,FALSE,FALSE,FALSE,FALSE,FALSE,FALSE,,,
Q220,bank_question,,customer_service,pending,FALSE,FALSE,FALSE,FALSE,FALSE,FALSE,,,
Q221,bank_question,,customer_service,pending,FALSE,FALSE,FALSE,FALSE,FALSE,FALSE,,,
Q222,bank_question,,customer_service,pending,FALSE,FALSE,FALSE,FALSE,FALSE,FALSE,,,
Q223,bank_question,,customer_service,pending,FALSE,FALSE,FALSE,FALSE,FALSE,FALSE,,,
Q224,bank_question,,customer_service,pending,FALSE,FALSE,FALSE,FALSE,FALSE,FALSE,,,
Q225,bank_question,,customer_service,pending,FALSE,FALSE,FALSE,FALSE,FALSE,FALSE,,,
Q226,bank_question,,customer_service,pending,FALSE,FALSE,FALSE,FALSE,FALSE,FALSE,,,
Q227,bank_question,,customer_service,pending,FALSE,FALSE,FALSE,FALSE,FALSE,FALSE,,,
Q228,bank_question,,customer_service,pending,FALSE,FALSE,FALSE,FALSE,FALSE,FALSE,,,
Q229,bank_question,,customer_service,pending,FALSE,FALSE,FALSE,FALSE,FALSE,FALSE,,,
Q230,bank_question,,customer_service,pending,FALSE,FALSE,FALSE,FALSE,FALSE,FALSE,,,
Q231,bank_question,,customer_service,pending,FALSE,FALSE,FALSE,FALSE,FALSE,FALSE,,,
Q232,bank_question,,customer_service,pending,FALSE,FALSE,FALSE,FALSE,FALSE,FALSE,,,
Q233,bank_question,,customer_service,pending,FALSE,FALSE,FALSE,FALSE,FALSE,FALSE,,,
Q234,bank_question,,customer_service,pending,FALSE,FALSE,FALSE,FALSE,FALSE,FALSE,,,
Q235,bank_question,,customer_service,pending,FALSE,FALSE,FALSE,FALSE,FALSE,FALSE,,,
Q236,bank_question,,customer_service,pending,FALSE,FALSE,FALSE,FALSE,FALSE,FALSE,,,
Q237,bank_question,,customer_service,pending,FALSE,FALSE,FALSE,FALSE,FALSE,FALSE,,,
Q238,bank_question,,customer_service,pending,FALSE,FALSE,FALSE,FALSE,FALSE,FALSE,,,
Q239,bank_question,,customer_service,pending,FALSE,FALSE,FALSE,FALSE,FALSE,FALSE,,,
Q240,bank_question,,traffic_safety,pending,FALSE,FALSE,FALSE,FALSE,FALSE,FALSE,,,
Q241,bank_question,,traffic_safety,pending,FALSE,FALSE,FALSE,FALSE,FALSE,FALSE,,,
Q242,bank_question,,traffic_safety,pending,FALSE,FALSE,FALSE,FALSE,FALSE,FALSE,,,
Q243,bank_question,,traffic_safety,pending,FALSE,FALSE,FALSE,FALSE,FALSE,FALSE,,,
Q244,bank_question,,traffic_safety,pending,FALSE,FALSE,FALSE,FALSE,FALSE,FALSE,,,
Q245,bank_question,,traffic_safety,pending,FALSE,FALSE,FALSE,FALSE,FALSE,FALSE,,,
Q246,bank_question,,traffic_safety,pending,FALSE,FALSE,FALSE,FALSE,FALSE,FALSE,,,
Q247,bank_question,,traffic_safety,pending,FALSE,FALSE,FALSE,FALSE,FALSE,FALSE,,,
Q248,bank_question,,traffic_safety,pending,FALSE,FALSE,FALSE,FALSE,FALSE,FALSE,,,
Q249,bank_question,,traffic_safety,pending,FALSE,FALSE,FALSE,FALSE,FALSE,FALSE,,,
Q250,bank_question,,traffic_safety,pending,FALSE,FALSE,FALSE,FALSE,FALSE,FALSE,,,
Q251,bank_question,,traffic_safety,pending,FALSE,FALSE,FALSE,FALSE,FALSE,FALSE,,,
Q252,bank_question,,traffic_safety,pending,FALSE,FALSE,FALSE,FALSE,FALSE,FALSE,,,
Q253,bank_question,,traffic_safety,pending,FALSE,FALSE,FALSE,FALSE,FALSE,FALSE,,,
Q254,bank_question,,traffic_safety,pending,FALSE,FALSE,FALSE,FALSE,FALSE,FALSE,,,
Q255,bank_question,,traffic_safety,pending,FALSE,FALSE,FALSE,FALSE,FALSE,FALSE,,,
Q256,bank_question,,traffic_safety,pending,FALSE,FALSE,FALSE,FALSE,FALSE,FALSE,,,
Q257,bank_question,,traffic_safety,pending,FALSE,FALSE,FALSE,FALSE,FALSE,FALSE,,,
Q258,bank_question,,traffic_safety,pending,FALSE,FALSE,FALSE,FALSE,FALSE,FALSE,,,
Q259,bank_question,,traffic_safety,pending,FALSE,FALSE,FALSE,FALSE,FALSE,FALSE,,,
Q260,bank_question,,traffic_safety,pending,FALSE,FALSE,FALSE,FALSE,FALSE,FALSE,,,
Q261,bank_question,,traffic_safety,pending,FALSE,FALSE,FALSE,FALSE,FALSE,FALSE,,,
Q262,bank_question,,traffic_safety,pending,FALSE,FALSE,FALSE,FALSE,FALSE,FALSE,,,
Q263,bank_question,,traffic_safety,pending,FALSE,FALSE,FALSE,FALSE,FALSE,FALSE,,,
Q264,bank_question,,traffic_safety,pending,FALSE,FALSE,FALSE,FALSE,FALSE,FALSE,,,
Q265,bank_question,,traffic_safety,pending,FALSE,FALSE,FALSE,FALSE,FALSE,FALSE,,,
Q266,bank_question,,traffic_safety,pending,FALSE,FALSE,FALSE,FALSE,FALSE,FALSE,,,
Q267,bank_question,,traffic_safety,pending,FALSE,FALSE,FALSE,FALSE,FALSE,FALSE,,,
Q268,bank_question,,traffic_safety,pending,FALSE,FALSE,FALSE,FALSE,FALSE,FALSE,,,
Q269,bank_question,,traffic_safety,pending,FALSE,FALSE,FALSE,FALSE,FALSE,FALSE,,,
Q270,bank_question,,traffic_safety,pending,FALSE,FALSE,FALSE,FALSE,FALSE,FALSE,,,
Q271,bank_question,,traffic_safety,pending,FALSE,FALSE,FALSE,FALSE,FALSE,FALSE,,,
Q272,bank_question,,traffic_safety,pending,FALSE,FALSE,FALSE,FALSE,FALSE,FALSE,,,
Q273,bank_question,,traffic_safety,pending,FALSE,FALSE,FALSE,FALSE,FALSE,FALSE,,,
Q274,bank_question,,traffic_safety,pending,FALSE,FALSE,FALSE,FALSE,FALSE,FALSE,,,
Q275,bank_question,,traffic_safety,pending,FALSE,FALSE,FALSE,FALSE,FALSE,FALSE,,,
Q276,bank_question,,traffic_safety,pending,FALSE,FALSE,FALSE,FALSE,FALSE,FALSE,,,
Q277,bank_question,,traffic_safety,pending,FALSE,FALSE,FALSE,FALSE,FALSE,FALSE,,,
Q278,bank_question,,traffic_safety,pending,FALSE,FALSE,FALSE,FALSE,FALSE,FALSE,,,
Q279,bank_question,,traffic_safety,pending,FALSE,FALSE,FALSE,FALSE,FALSE,FALSE,,,
Q280,bank_question,,traffic_safety,pending,FALSE,FALSE,FALSE,FALSE,FALSE,FALSE,,,
Q281,bank_question,,traffic_safety,pending,FALSE,FALSE,FALSE,FALSE,FALSE,FALSE,,,
Q282,bank_question,,traffic_safety,pending,FALSE,FALSE,FALSE,FALSE,FALSE,FALSE,,,
Q283,bank_question,,traffic_safety,pending,FALSE,FALSE,FALSE,FALSE,FALSE,FALSE,,,
Q284,bank_question,,traffic_safety,pending,FALSE,FALSE,FALSE,FALSE,FALSE,FALSE,,,
Q285,bank_question,,traffic_safety,pending,FALSE,FALSE,FALSE,FALSE,FALSE,FALSE,,,
Q286,bank_question,,traffic_safety,pending,FALSE,FALSE,FALSE,FALSE,FALSE,FALSE,,,
Q287,bank_question,,traffic_safety,pending,FALSE,FALSE,FALSE,FALSE,FALSE,FALSE,,,
Q288,bank_question,,traffic_safety,pending,FALSE,FALSE,FALSE,FALSE,FALSE,FALSE,,,
Q289,bank_question,,traffic_safety,pending,FALSE,FALSE,FALSE,FALSE,FALSE,FALSE,,,
Q290,bank_question,,traffic_safety,pending,FALSE,FALSE,FALSE,FALSE,FALSE,FALSE,,,
Q291,bank_question,,traffic_safety,pending,FALSE,FALSE,FALSE,FALSE,FALSE,FALSE,,,
Q292,bank_question,,traffic_safety,pending,FALSE,FALSE,FALSE,FALSE,FALSE,FALSE,,,
Q293,bank_question,,traffic_safety,pending,FALSE,FALSE,FALSE,FALSE,FALSE,FALSE,,,
Q294,bank_question,,traffic_safety,pending,FALSE,FALSE,FALSE,FALSE,FALSE,FALSE,,,
Q295,bank_question,,traffic_safety,pending,FALSE,FALSE,FALSE,FALSE,FALSE,FALSE,,,
Q296,bank_question,,traffic_safety,pending,FALSE,FALSE,FALSE,FALSE,FALSE,FALSE,,,
Q297,bank_question,,traffic_safety,pending,FALSE,FALSE,FALSE,FALSE,FALSE,FALSE,,,
Q298,bank_question,,traffic_safety,pending,FALSE,FALSE,FALSE,FALSE,FALSE,FALSE,,,
Q299,bank_question,,traffic_safety,pending,FALSE,FALSE,FALSE,FALSE,FALSE,FALSE,,,
Q300,bank_question,,traffic_safety,pending,FALSE,FALSE,FALSE,FALSE,FALSE,FALSE,,,
Q301,bank_question,,traffic_safety,pending,FALSE,FALSE,FALSE,FALSE,FALSE,FALSE,,,
Q302,bank_question,,traffic_safety,pending,FALSE,FALSE,FALSE,FALSE,FALSE,FALSE,,,
Q303,bank_question,,traffic_safety,pending,FALSE,FALSE,FALSE,FALSE,FALSE,FALSE,,,
Q304,bank_question,,traffic_safety,pending,FALSE,FALSE,FALSE,FALSE,FALSE,FALSE,,,
Q305,bank_question,,traffic_safety,pending,FALSE,FALSE,FALSE,FALSE,FALSE,FALSE,,,
Q306,bank_question,,traffic_safety,pending,FALSE,FALSE,FALSE,FALSE,FALSE,FALSE,,,
Q307,bank_question,,traffic_safety,pending,FALSE,FALSE,FALSE,FALSE,FALSE,FALSE,,,
Q308,bank_question,,traffic_safety,pending,FALSE,FALSE,FALSE,FALSE,FALSE,FALSE,,,
Q309,bank_question,,traffic_safety,pending,FALSE,FALSE,FALSE,FALSE,FALSE,FALSE,,,
Q310,bank_question,,traffic_safety,pending,FALSE,FALSE,FALSE,FALSE,FALSE,FALSE,,,
Q311,bank_question,,traffic_safety,pending,FALSE,FALSE,FALSE,FALSE,FALSE,FALSE,,,
Q312,bank_question,,traffic_safety,pending,FALSE,FALSE,FALSE,FALSE,FALSE,FALSE,,,
Q313,bank_question,,traffic_safety,pending,FALSE,FALSE,FALSE,FALSE,FALSE,FALSE,,,
Q314,bank_question,,traffic_safety,pending,FALSE,FALSE,FALSE,FALSE,FALSE,FALSE,,,
Q315,bank_question,,traffic_safety,pending,FALSE,FALSE,FALSE,FALSE,FALSE,FALSE,,,
Q316,bank_question,,traffic_safety,pending,FALSE,FALSE,FALSE,FALSE,FALSE,FALSE,,,
Q317,bank_question,,traffic_safety,pending,FALSE,FALSE,FALSE,FALSE,FALSE,FALSE,,,
Q318,bank_question,,traffic_safety,pending,FALSE,FALSE,FALSE,FALSE,FALSE,FALSE,,,
Q319,bank_question,,traffic_safety,pending,FALSE,FALSE,FALSE,FALSE,FALSE,FALSE,,,
Q320,bank_question,,traffic_safety,pending,FALSE,FALSE,FALSE,FALSE,FALSE,FALSE,,,
Q321,bank_question,,traffic_safety,pending,FALSE,FALSE,FALSE,FALSE,FALSE,FALSE,,,
Q322,bank_question,,traffic_safety,pending,FALSE,FALSE,FALSE,FALSE,FALSE,FALSE,,,
Q323,bank_question,,traffic_safety,pending,FALSE,FALSE,FALSE,FALSE,FALSE,FALSE,,,
Q324,bank_question,,traffic_safety,pending,FALSE,FALSE,FALSE,FALSE,FALSE,FALSE,,,
Q325,bank_question,,traffic_safety,pending,FALSE,FALSE,FALSE,FALSE,FALSE,FALSE,,,
Q326,bank_question,,traffic_safety,pending,FALSE,FALSE,FALSE,FALSE,FALSE,FALSE,,,
Q327,bank_question,,traffic_safety,pending,FALSE,FALSE,FALSE,FALSE,FALSE,FALSE,,,
MTQ-001,model_test_question,,passenger_safety,pending,FALSE,FALSE,FALSE,FALSE,FALSE,n/a,,,
MTQ-002,model_test_question,,traffic_safety,pending,FALSE,FALSE,FALSE,FALSE,FALSE,n/a,,,
MTQ-003,model_test_question,,customer_service,pending,FALSE,FALSE,FALSE,FALSE,FALSE,n/a,,,
MTQ-004,model_test_question,,traffic_safety,pending,FALSE,FALSE,FALSE,FALSE,FALSE,n/a,,,
MTQ-005,model_test_question,,traffic_safety,pending,FALSE,FALSE,FALSE,FALSE,FALSE,n/a,,,
MTQ-006,model_test_question,,passenger_safety,pending,FALSE,FALSE,FALSE,FALSE,FALSE,n/a,,,
MTQ-007,model_test_question,,passenger_safety,pending,FALSE,FALSE,FALSE,FALSE,FALSE,n/a,,,
MTQ-008,model_test_question,,customer_service,pending,FALSE,FALSE,FALSE,FALSE,FALSE,n/a,,,
MTQ-009,model_test_question,,customer_service,pending,FALSE,FALSE,FALSE,FALSE,FALSE,n/a,,,
MTQ-010,model_test_question,,customer_service,pending,FALSE,FALSE,FALSE,FALSE,FALSE,n/a,,,
MTQ-011,model_test_question,,customer_service,pending,FALSE,FALSE,FALSE,FALSE,FALSE,n/a,,,
MTQ-012,model_test_question,,special_needs,pending,FALSE,FALSE,FALSE,FALSE,FALSE,n/a,,,
MTQ-013,model_test_question,,special_needs,pending,FALSE,FALSE,FALSE,FALSE,FALSE,n/a,,,
MTQ-014,model_test_question,,special_needs,pending,FALSE,FALSE,FALSE,FALSE,FALSE,n/a,,,
MTQ-015,model_test_question,,passenger_safety,pending,FALSE,FALSE,FALSE,FALSE,FALSE,n/a,,,
MTQ-016,model_test_question,,special_needs,pending,FALSE,FALSE,FALSE,FALSE,FALSE,n/a,,,
MTQ-017,model_test_question,,passenger_safety,pending,FALSE,FALSE,FALSE,FALSE,FALSE,n/a,,,
MTQ-018,model_test_question,,customer_service,pending,FALSE,FALSE,FALSE,FALSE,FALSE,n/a,,,
MTQ-019,model_test_question,,customer_service,pending,FALSE,FALSE,FALSE,FALSE,FALSE,n/a,,,
MTQ-020,model_test_question,,customer_service,pending,FALSE,FALSE,FALSE,FALSE,FALSE,n/a,,,
MTQ-021,model_test_question,,customer_service,pending,FALSE,FALSE,FALSE,FALSE,FALSE,n/a,,,
MTQ-022,model_test_question,,passenger_safety,pending,FALSE,FALSE,FALSE,FALSE,FALSE,n/a,,,
MTQ-023,model_test_question,,customer_service,pending,FALSE,FALSE,FALSE,FALSE,FALSE,n/a,,,
MTQ-024,model_test_question,,customer_service,pending,FALSE,FALSE,FALSE,FALSE,FALSE,n/a,,,
MTQ-025,model_test_question,,customer_service,pending,FALSE,FALSE,FALSE,FALSE,FALSE,n/a,,,
MTQ-026,model_test_question,,passenger_safety,pending,FALSE,FALSE,FALSE,FALSE,FALSE,n/a,,,
MTQ-027,model_test_question,,customer_service,pending,FALSE,FALSE,FALSE,FALSE,FALSE,n/a,,,
MTQ-028,model_test_question,,special_needs,pending,FALSE,FALSE,FALSE,FALSE,FALSE,n/a,,,
MTQ-029,model_test_question,,traffic_safety,pending,FALSE,FALSE,FALSE,FALSE,FALSE,n/a,,,
MTQ-030,model_test_question,,special_needs,pending,FALSE,FALSE,FALSE,FALSE,FALSE,n/a,,,
MTQ-031,model_test_question,,traffic_safety,pending,FALSE,FALSE,FALSE,FALSE,FALSE,n/a,,,
MTQ-032,model_test_question,,passenger_safety,pending,FALSE,FALSE,FALSE,FALSE,FALSE,n/a,,,
MTQ-033,model_test_question,,special_needs,pending,FALSE,FALSE,FALSE,FALSE,FALSE,n/a,,,
MTQ-034,model_test_question,,special_needs,pending,FALSE,FALSE,FALSE,FALSE,FALSE,n/a,,,
MTQ-035,model_test_question,,special_needs,pending,FALSE,FALSE,FALSE,FALSE,FALSE,n/a,,,
MTQ-036,model_test_question,,special_needs,pending,FALSE,FALSE,FALSE,FALSE,FALSE,n/a,,,
MTQ-037,model_test_question,,passenger_safety,pending,FALSE,FALSE,FALSE,FALSE,FALSE,n/a,,,
MTQ-038,model_test_question,,passenger_safety,pending,FALSE,FALSE,FALSE,FALSE,FALSE,n/a,,,
MTQ-039,model_test_question,,passenger_safety,pending,FALSE,FALSE,FALSE,FALSE,FALSE,n/a,,,
MTQ-040,model_test_question,,special_needs,pending,FALSE,FALSE,FALSE,FALSE,FALSE,n/a,,,
MTQ-041,model_test_question,,special_needs,pending,FALSE,FALSE,FALSE,FALSE,FALSE,n/a,,,
MTQ-042,model_test_question,,traffic_safety,pending,FALSE,FALSE,FALSE,FALSE,FALSE,n/a,,,
MTQ-043,model_test_question,,traffic_safety,pending,FALSE,FALSE,FALSE,FALSE,FALSE,n/a,,,
MTQ-044,model_test_question,,traffic_safety,pending,FALSE,FALSE,FALSE,FALSE,FALSE,n/a,,,
MTQ-045,model_test_question,,passenger_safety,pending,FALSE,FALSE,FALSE,FALSE,FALSE,n/a,,,
MTQ-046,model_test_question,,special_needs,pending,FALSE,FALSE,FALSE,FALSE,FALSE,n/a,,,
MTQ-047,model_test_question,,traffic_safety,pending,FALSE,FALSE,FALSE,FALSE,FALSE,n/a,,,
MTQ-048,model_test_question,,customer_service,pending,FALSE,FALSE,FALSE,FALSE,FALSE,n/a,,,
MTQ-049,model_test_question,,special_needs,pending,FALSE,FALSE,FALSE,FALSE,FALSE,n/a,,,
MTQ-050,model_test_question,,customer_service,pending,FALSE,FALSE,FALSE,FALSE,FALSE,n/a,,,
MTQ-051,model_test_question,,passenger_safety,pending,FALSE,FALSE,FALSE,FALSE,FALSE,n/a,,,
MTQ-052,model_test_question,,special_needs,pending,FALSE,FALSE,FALSE,FALSE,FALSE,n/a,,,
MTQ-053,model_test_question,,traffic_safety,pending,FALSE,FALSE,FALSE,FALSE,FALSE,n/a,,,
MTQ-054,model_test_question,,special_needs,pending,FALSE,FALSE,FALSE,FALSE,FALSE,n/a,,,
MTQ-055,model_test_question,,special_needs,pending,FALSE,FALSE,FALSE,FALSE,FALSE,n/a,,,
MTQ-056,model_test_question,,special_needs,pending,FALSE,FALSE,FALSE,FALSE,FALSE,n/a,,,
MTQ-057,model_test_question,,traffic_safety,pending,FALSE,FALSE,FALSE,FALSE,FALSE,n/a,,,
MTQ-058,model_test_question,,special_needs,pending,FALSE,FALSE,FALSE,FALSE,FALSE,n/a,,,
MTQ-059,model_test_question,,traffic_safety,pending,FALSE,FALSE,FALSE,FALSE,FALSE,n/a,,,
MTQ-060,model_test_question,,customer_service,pending,FALSE,FALSE,FALSE,FALSE,FALSE,n/a,,,
MTQ-061,model_test_question,,special_needs,pending,FALSE,FALSE,FALSE,FALSE,FALSE,n/a,,,
MTQ-062,model_test_question,,special_needs,pending,FALSE,FALSE,FALSE,FALSE,FALSE,n/a,,,
MTQ-063,model_test_question,,special_needs,pending,FALSE,FALSE,FALSE,FALSE,FALSE,n/a,,,
MTQ-064,model_test_question,,customer_service,pending,FALSE,FALSE,FALSE,FALSE,FALSE,n/a,,,
MTQ-065,model_test_question,,passenger_safety,pending,FALSE,FALSE,FALSE,FALSE,FALSE,n/a,,,
MTQ-066,model_test_question,,special_needs,pending,FALSE,FALSE,FALSE,FALSE,FALSE,n/a,,,
MTQ-067,model_test_question,,special_needs,pending,FALSE,FALSE,FALSE,FALSE,FALSE,n/a,,,
MTQ-068,model_test_question,,special_needs,pending,FALSE,FALSE,FALSE,FALSE,FALSE,n/a,,,
MTQ-069,model_test_question,,special_needs,pending,FALSE,FALSE,FALSE,FALSE,FALSE,n/a,,,
MTQ-070,model_test_question,,special_needs,pending,FALSE,FALSE,FALSE,FALSE,FALSE,n/a,,,
MTQ-071,model_test_question,,passenger_safety,pending,FALSE,FALSE,FALSE,FALSE,FALSE,n/a,,,
MTQ-072,model_test_question,,customer_service,pending,FALSE,FALSE,FALSE,FALSE,FALSE,n/a,,,
MTQ-073,model_test_question,,traffic_safety,pending,FALSE,FALSE,FALSE,FALSE,FALSE,n/a,,,
MTQ-074,model_test_question,,traffic_safety,pending,FALSE,FALSE,FALSE,FALSE,FALSE,n/a,,,
MTQ-075,model_test_question,,traffic_safety,pending,FALSE,FALSE,FALSE,FALSE,FALSE,n/a,,,
MTQ-076,model_test_question,,special_needs,pending,FALSE,FALSE,FALSE,FALSE,FALSE,n/a,,,
MTQ-077,model_test_question,,passenger_safety,pending,FALSE,FALSE,FALSE,FALSE,FALSE,n/a,,,
MTQ-078,model_test_question,,special_needs,pending,FALSE,FALSE,FALSE,FALSE,FALSE,n/a,,,
MTQ-079,model_test_question,,customer_service,pending,FALSE,FALSE,FALSE,FALSE,FALSE,n/a,,,
MTQ-080,model_test_question,,special_needs,pending,FALSE,FALSE,FALSE,FALSE,FALSE,n/a,,,
mt1,model_test,,,pending,n/a,n/a,n/a,n/a,n/a,n/a,,,
mt2,model_test,,,pending,n/a,n/a,n/a,n/a,n/a,n/a,,,
mt3,model_test,,,pending,n/a,n/a,n/a,n/a,n/a,n/a,,,
mt4,model_test,,,pending,n/a,n/a,n/a,n/a,n/a,n/a,,,
mt5,model_test,,,pending,n/a,n/a,n/a,n/a,n/a,n/a,,,
set-1-w1,vocab_word,set-1,,pending,FALSE,FALSE,n/a,n/a,n/a,n/a,,,
set-1-w2,vocab_word,set-1,,pending,FALSE,FALSE,n/a,n/a,n/a,n/a,,,
set-1-w3,vocab_word,set-1,,pending,FALSE,FALSE,n/a,n/a,n/a,n/a,,,
set-1-w4,vocab_word,set-1,,pending,FALSE,FALSE,n/a,n/a,n/a,n/a,,,
set-1-w5,vocab_word,set-1,,pending,FALSE,FALSE,n/a,n/a,n/a,n/a,,,
set-1-w6,vocab_word,set-1,,pending,FALSE,FALSE,n/a,n/a,n/a,n/a,,,
set-1-w7,vocab_word,set-1,,pending,FALSE,FALSE,n/a,n/a,n/a,n/a,,,
set-1-w8,vocab_word,set-1,,pending,FALSE,FALSE,n/a,n/a,n/a,n/a,,,
set-2-w1,vocab_word,set-2,,pending,FALSE,FALSE,n/a,n/a,n/a,n/a,,,
set-2-w2,vocab_word,set-2,,pending,FALSE,FALSE,n/a,n/a,n/a,n/a,,,
set-2-w3,vocab_word,set-2,,pending,FALSE,FALSE,n/a,n/a,n/a,n/a,,,
set-2-w4,vocab_word,set-2,,pending,FALSE,FALSE,n/a,n/a,n/a,n/a,,,
set-2-w5,vocab_word,set-2,,pending,FALSE,FALSE,n/a,n/a,n/a,n/a,,,
set-2-w6,vocab_word,set-2,,pending,FALSE,FALSE,n/a,n/a,n/a,n/a,,,
set-2-w7,vocab_word,set-2,,pending,FALSE,FALSE,n/a,n/a,n/a,n/a,,,
set-3-w1,vocab_word,set-3,,pending,FALSE,FALSE,n/a,n/a,n/a,n/a,,,
set-3-w2,vocab_word,set-3,,pending,FALSE,FALSE,n/a,n/a,n/a,n/a,,,
set-3-w3,vocab_word,set-3,,pending,FALSE,FALSE,n/a,n/a,n/a,n/a,,,
set-3-w4,vocab_word,set-3,,pending,FALSE,FALSE,n/a,n/a,n/a,n/a,,,
set-3-w5,vocab_word,set-3,,pending,FALSE,FALSE,n/a,n/a,n/a,n/a,,,
set-3-w6,vocab_word,set-3,,pending,FALSE,FALSE,n/a,n/a,n/a,n/a,,,
set-3-w7,vocab_word,set-3,,pending,FALSE,FALSE,n/a,n/a,n/a,n/a,,,
set-3-w8,vocab_word,set-3,,pending,FALSE,FALSE,n/a,n/a,n/a,n/a,,,
set-3-w9,vocab_word,set-3,,pending,FALSE,FALSE,n/a,n/a,n/a,n/a,,,
set-3-w10,vocab_word,set-3,,pending,FALSE,FALSE,n/a,n/a,n/a,n/a,,,
set-4-w1,vocab_word,set-4,,pending,FALSE,FALSE,n/a,n/a,n/a,n/a,,,
set-4-w2,vocab_word,set-4,,pending,FALSE,FALSE,n/a,n/a,n/a,n/a,,,
set-4-w3,vocab_word,set-4,,pending,FALSE,FALSE,n/a,n/a,n/a,n/a,,,
set-4-w4,vocab_word,set-4,,pending,FALSE,FALSE,n/a,n/a,n/a,n/a,,,
set-4-w5,vocab_word,set-4,,pending,FALSE,FALSE,n/a,n/a,n/a,n/a,,,
set-4-w6,vocab_word,set-4,,pending,FALSE,FALSE,n/a,n/a,n/a,n/a,,,
set-4-w7,vocab_word,set-4,,pending,FALSE,FALSE,n/a,n/a,n/a,n/a,,,
set-4-w8,vocab_word,set-4,,pending,FALSE,FALSE,n/a,n/a,n/a,n/a,,,
set-4-w9,vocab_word,set-4,,pending,FALSE,FALSE,n/a,n/a,n/a,n/a,,,
set-5-w1,vocab_word,set-5,,pending,FALSE,FALSE,n/a,n/a,n/a,n/a,,,
set-5-w2,vocab_word,set-5,,pending,FALSE,FALSE,n/a,n/a,n/a,n/a,,,
set-5-w3,vocab_word,set-5,,pending,FALSE,FALSE,n/a,n/a,n/a,n/a,,,
set-5-w4,vocab_word,set-5,,pending,FALSE,FALSE,n/a,n/a,n/a,n/a,,,
set-5-w5,vocab_word,set-5,,pending,FALSE,FALSE,n/a,n/a,n/a,n/a,,,
set-5-w6,vocab_word,set-5,,pending,FALSE,FALSE,n/a,n/a,n/a,n/a,,,
set-5-w7,vocab_word,set-5,,pending,FALSE,FALSE,n/a,n/a,n/a,n/a,,,
set-5-w8,vocab_word,set-5,,pending,FALSE,FALSE,n/a,n/a,n/a,n/a,,,
set-5-w9,vocab_word,set-5,,pending,FALSE,FALSE,n/a,n/a,n/a,n/a,,,
set-6-w1,vocab_word,set-6,,pending,FALSE,FALSE,n/a,n/a,n/a,n/a,,,
set-6-w2,vocab_word,set-6,,pending,FALSE,FALSE,n/a,n/a,n/a,n/a,,,
set-6-w3,vocab_word,set-6,,pending,FALSE,FALSE,n/a,n/a,n/a,n/a,,,
set-6-w4,vocab_word,set-6,,pending,FALSE,FALSE,n/a,n/a,n/a,n/a,,,
set-6-w5,vocab_word,set-6,,pending,FALSE,FALSE,n/a,n/a,n/a,n/a,,,
set-6-w6,vocab_word,set-6,,pending,FALSE,FALSE,n/a,n/a,n/a,n/a,,,
set-7-w1,vocab_word,set-7,,pending,FALSE,FALSE,n/a,n/a,n/a,n/a,,,
set-7-w2,vocab_word,set-7,,pending,FALSE,FALSE,n/a,n/a,n/a,n/a,,,
set-7-w3,vocab_word,set-7,,pending,FALSE,FALSE,n/a,n/a,n/a,n/a,,,
set-7-w4,vocab_word,set-7,,pending,FALSE,FALSE,n/a,n/a,n/a,n/a,,,
set-7-w5,vocab_word,set-7,,pending,FALSE,FALSE,n/a,n/a,n/a,n/a,,,
set-7-w6,vocab_word,set-7,,pending,FALSE,FALSE,n/a,n/a,n/a,n/a,,,
set-7-w7,vocab_word,set-7,,pending,FALSE,FALSE,n/a,n/a,n/a,n/a,,,
set-7-w8,vocab_word,set-7,,pending,FALSE,FALSE,n/a,n/a,n/a,n/a,,,
set-7-w9,vocab_word,set-7,,pending,FALSE,FALSE,n/a,n/a,n/a,n/a,,,
set-7-w10,vocab_word,set-7,,pending,FALSE,FALSE,n/a,n/a,n/a,n/a,,,
set-7-w11,vocab_word,set-7,,pending,FALSE,FALSE,n/a,n/a,n/a,n/a,,,
set-7-w12,vocab_word,set-7,,pending,FALSE,FALSE,n/a,n/a,n/a,n/a,,,
set-8-w1,vocab_word,set-8,,pending,FALSE,FALSE,n/a,n/a,n/a,n/a,,,
set-8-w2,vocab_word,set-8,,pending,FALSE,FALSE,n/a,n/a,n/a,n/a,,,
set-8-w3,vocab_word,set-8,,pending,FALSE,FALSE,n/a,n/a,n/a,n/a,,,
set-8-w4,vocab_word,set-8,,pending,FALSE,FALSE,n/a,n/a,n/a,n/a,,,
set-8-w5,vocab_word,set-8,,pending,FALSE,FALSE,n/a,n/a,n/a,n/a,,,
set-8-w6,vocab_word,set-8,,pending,FALSE,FALSE,n/a,n/a,n/a,n/a,,,
set-8-w7,vocab_word,set-8,,pending,FALSE,FALSE,n/a,n/a,n/a,n/a,,,
set-9-w1,vocab_word,set-9,,pending,FALSE,FALSE,n/a,n/a,n/a,n/a,,,
set-9-w2,vocab_word,set-9,,pending,FALSE,FALSE,n/a,n/a,n/a,n/a,,,
set-9-w3,vocab_word,set-9,,pending,FALSE,FALSE,n/a,n/a,n/a,n/a,,,
set-9-w4,vocab_word,set-9,,pending,FALSE,FALSE,n/a,n/a,n/a,n/a,,,
set-9-w5,vocab_word,set-9,,pending,FALSE,FALSE,n/a,n/a,n/a,n/a,,,
set-9-w6,vocab_word,set-9,,pending,FALSE,FALSE,n/a,n/a,n/a,n/a,,,
set-10-w1,vocab_word,set-10,,pending,FALSE,FALSE,n/a,n/a,n/a,n/a,,,
set-10-w2,vocab_word,set-10,,pending,FALSE,FALSE,n/a,n/a,n/a,n/a,,,
set-10-w3,vocab_word,set-10,,pending,FALSE,FALSE,n/a,n/a,n/a,n/a,,,
set-10-w4,vocab_word,set-10,,pending,FALSE,FALSE,n/a,n/a,n/a,n/a,,,
set-10-w5,vocab_word,set-10,,pending,FALSE,FALSE,n/a,n/a,n/a,n/a,,,
set-11-w1,vocab_word,set-11,,pending,FALSE,FALSE,n/a,n/a,n/a,n/a,,,
set-11-w2,vocab_word,set-11,,pending,FALSE,FALSE,n/a,n/a,n/a,n/a,,,
set-11-w3,vocab_word,set-11,,pending,FALSE,FALSE,n/a,n/a,n/a,n/a,,,
set-11-w4,vocab_word,set-11,,pending,FALSE,FALSE,n/a,n/a,n/a,n/a,,,
set-11-w5,vocab_word,set-11,,pending,FALSE,FALSE,n/a,n/a,n/a,n/a,,,
set-1-q1,vocab_quiz_question,set-1,,pending,FALSE,FALSE,FALSE,FALSE,n/a,n/a,,,
set-1-q2,vocab_quiz_question,set-1,,pending,FALSE,FALSE,FALSE,FALSE,n/a,n/a,,,
set-1-q3,vocab_quiz_question,set-1,,pending,FALSE,FALSE,FALSE,FALSE,n/a,n/a,,,
set-1-q4,vocab_quiz_question,set-1,,pending,FALSE,FALSE,FALSE,FALSE,n/a,n/a,,,
set-1-q5,vocab_quiz_question,set-1,,pending,FALSE,FALSE,FALSE,FALSE,n/a,n/a,,,
set-1-q6,vocab_quiz_question,set-1,,pending,FALSE,FALSE,FALSE,FALSE,n/a,n/a,,,
set-1-q7,vocab_quiz_question,set-1,,pending,FALSE,FALSE,FALSE,FALSE,n/a,n/a,,,
set-1-q8,vocab_quiz_question,set-1,,pending,FALSE,FALSE,FALSE,FALSE,n/a,n/a,,,
set-1-q9,vocab_quiz_question,set-1,,pending,FALSE,FALSE,FALSE,FALSE,n/a,n/a,,,
set-1-q10,vocab_quiz_question,set-1,,pending,FALSE,FALSE,FALSE,FALSE,n/a,n/a,,,
set-1-q11,vocab_quiz_question,set-1,,pending,FALSE,FALSE,FALSE,FALSE,n/a,n/a,,,
set-1-q12,vocab_quiz_question,set-1,,pending,FALSE,FALSE,FALSE,FALSE,n/a,n/a,,,
set-1-q13,vocab_quiz_question,set-1,,pending,FALSE,FALSE,FALSE,FALSE,n/a,n/a,,,
set-1-q14,vocab_quiz_question,set-1,,pending,FALSE,FALSE,FALSE,FALSE,n/a,n/a,,,
set-1-q15,vocab_quiz_question,set-1,,pending,FALSE,FALSE,FALSE,FALSE,n/a,n/a,,,
set-1-q16,vocab_quiz_question,set-1,,pending,FALSE,FALSE,FALSE,FALSE,n/a,n/a,,,
set-1-q17,vocab_quiz_question,set-1,,pending,FALSE,FALSE,FALSE,FALSE,n/a,n/a,,,
set-1-q18,vocab_quiz_question,set-1,,pending,FALSE,FALSE,FALSE,FALSE,n/a,n/a,,,
set-1-q19,vocab_quiz_question,set-1,,pending,FALSE,FALSE,FALSE,FALSE,n/a,n/a,,,
set-1-q20,vocab_quiz_question,set-1,,pending,FALSE,FALSE,FALSE,FALSE,n/a,n/a,,,
set-2-q1,vocab_quiz_question,set-2,,pending,FALSE,FALSE,FALSE,FALSE,n/a,n/a,,,
set-2-q2,vocab_quiz_question,set-2,,pending,FALSE,FALSE,FALSE,FALSE,n/a,n/a,,,
set-2-q3,vocab_quiz_question,set-2,,pending,FALSE,FALSE,FALSE,FALSE,n/a,n/a,,,
set-2-q4,vocab_quiz_question,set-2,,pending,FALSE,FALSE,FALSE,FALSE,n/a,n/a,,,
set-2-q5,vocab_quiz_question,set-2,,pending,FALSE,FALSE,FALSE,FALSE,n/a,n/a,,,
set-2-q6,vocab_quiz_question,set-2,,pending,FALSE,FALSE,FALSE,FALSE,n/a,n/a,,,
set-2-q7,vocab_quiz_question,set-2,,pending,FALSE,FALSE,FALSE,FALSE,n/a,n/a,,,
set-2-q8,vocab_quiz_question,set-2,,pending,FALSE,FALSE,FALSE,FALSE,n/a,n/a,,,
set-2-q9,vocab_quiz_question,set-2,,pending,FALSE,FALSE,FALSE,FALSE,n/a,n/a,,,
set-2-q10,vocab_quiz_question,set-2,,pending,FALSE,FALSE,FALSE,FALSE,n/a,n/a,,,
set-2-q11,vocab_quiz_question,set-2,,pending,FALSE,FALSE,FALSE,FALSE,n/a,n/a,,,
set-2-q12,vocab_quiz_question,set-2,,pending,FALSE,FALSE,FALSE,FALSE,n/a,n/a,,,
set-2-q13,vocab_quiz_question,set-2,,pending,FALSE,FALSE,FALSE,FALSE,n/a,n/a,,,
set-2-q14,vocab_quiz_question,set-2,,pending,FALSE,FALSE,FALSE,FALSE,n/a,n/a,,,
set-2-q15,vocab_quiz_question,set-2,,pending,FALSE,FALSE,FALSE,FALSE,n/a,n/a,,,
set-2-q16,vocab_quiz_question,set-2,,pending,FALSE,FALSE,FALSE,FALSE,n/a,n/a,,,
set-2-q17,vocab_quiz_question,set-2,,pending,FALSE,FALSE,FALSE,FALSE,n/a,n/a,,,
set-2-q18,vocab_quiz_question,set-2,,pending,FALSE,FALSE,FALSE,FALSE,n/a,n/a,,,
set-2-q19,vocab_quiz_question,set-2,,pending,FALSE,FALSE,FALSE,FALSE,n/a,n/a,,,
set-2-q20,vocab_quiz_question,set-2,,pending,FALSE,FALSE,FALSE,FALSE,n/a,n/a,,,
set-3-q1,vocab_quiz_question,set-3,,pending,FALSE,FALSE,FALSE,FALSE,n/a,n/a,,,
set-3-q2,vocab_quiz_question,set-3,,pending,FALSE,FALSE,FALSE,FALSE,n/a,n/a,,,
set-3-q3,vocab_quiz_question,set-3,,pending,FALSE,FALSE,FALSE,FALSE,n/a,n/a,,,
set-3-q4,vocab_quiz_question,set-3,,pending,FALSE,FALSE,FALSE,FALSE,n/a,n/a,,,
set-3-q5,vocab_quiz_question,set-3,,pending,FALSE,FALSE,FALSE,FALSE,n/a,n/a,,,
set-3-q6,vocab_quiz_question,set-3,,pending,FALSE,FALSE,FALSE,FALSE,n/a,n/a,,,
set-3-q7,vocab_quiz_question,set-3,,pending,FALSE,FALSE,FALSE,FALSE,n/a,n/a,,,
set-3-q8,vocab_quiz_question,set-3,,pending,FALSE,FALSE,FALSE,FALSE,n/a,n/a,,,
set-3-q9,vocab_quiz_question,set-3,,pending,FALSE,FALSE,FALSE,FALSE,n/a,n/a,,,
set-3-q10,vocab_quiz_question,set-3,,pending,FALSE,FALSE,FALSE,FALSE,n/a,n/a,,,
set-3-q11,vocab_quiz_question,set-3,,pending,FALSE,FALSE,FALSE,FALSE,n/a,n/a,,,
set-3-q12,vocab_quiz_question,set-3,,pending,FALSE,FALSE,FALSE,FALSE,n/a,n/a,,,
set-3-q13,vocab_quiz_question,set-3,,pending,FALSE,FALSE,FALSE,FALSE,n/a,n/a,,,
set-3-q14,vocab_quiz_question,set-3,,pending,FALSE,FALSE,FALSE,FALSE,n/a,n/a,,,
set-3-q15,vocab_quiz_question,set-3,,pending,FALSE,FALSE,FALSE,FALSE,n/a,n/a,,,
set-3-q16,vocab_quiz_question,set-3,,pending,FALSE,FALSE,FALSE,FALSE,n/a,n/a,,,
set-3-q17,vocab_quiz_question,set-3,,pending,FALSE,FALSE,FALSE,FALSE,n/a,n/a,,,
set-3-q18,vocab_quiz_question,set-3,,pending,FALSE,FALSE,FALSE,FALSE,n/a,n/a,,,
set-3-q19,vocab_quiz_question,set-3,,pending,FALSE,FALSE,FALSE,FALSE,n/a,n/a,,,
set-3-q20,vocab_quiz_question,set-3,,pending,FALSE,FALSE,FALSE,FALSE,n/a,n/a,,,
set-4-q1,vocab_quiz_question,set-4,,pending,FALSE,FALSE,FALSE,FALSE,n/a,n/a,,,
set-4-q2,vocab_quiz_question,set-4,,pending,FALSE,FALSE,FALSE,FALSE,n/a,n/a,,,
set-4-q3,vocab_quiz_question,set-4,,pending,FALSE,FALSE,FALSE,FALSE,n/a,n/a,,,
set-4-q4,vocab_quiz_question,set-4,,pending,FALSE,FALSE,FALSE,FALSE,n/a,n/a,,,
set-4-q5,vocab_quiz_question,set-4,,pending,FALSE,FALSE,FALSE,FALSE,n/a,n/a,,,
set-4-q6,vocab_quiz_question,set-4,,pending,FALSE,FALSE,FALSE,FALSE,n/a,n/a,,,
set-4-q7,vocab_quiz_question,set-4,,pending,FALSE,FALSE,FALSE,FALSE,n/a,n/a,,,
set-4-q8,vocab_quiz_question,set-4,,pending,FALSE,FALSE,FALSE,FALSE,n/a,n/a,,,
set-4-q9,vocab_quiz_question,set-4,,pending,FALSE,FALSE,FALSE,FALSE,n/a,n/a,,,
set-4-q10,vocab_quiz_question,set-4,,pending,FALSE,FALSE,FALSE,FALSE,n/a,n/a,,,
set-4-q11,vocab_quiz_question,set-4,,pending,FALSE,FALSE,FALSE,FALSE,n/a,n/a,,,
set-4-q12,vocab_quiz_question,set-4,,pending,FALSE,FALSE,FALSE,FALSE,n/a,n/a,,,
set-4-q13,vocab_quiz_question,set-4,,pending,FALSE,FALSE,FALSE,FALSE,n/a,n/a,,,
set-4-q14,vocab_quiz_question,set-4,,pending,FALSE,FALSE,FALSE,FALSE,n/a,n/a,,,
set-4-q15,vocab_quiz_question,set-4,,pending,FALSE,FALSE,FALSE,FALSE,n/a,n/a,,,
set-4-q16,vocab_quiz_question,set-4,,pending,FALSE,FALSE,FALSE,FALSE,n/a,n/a,,,
set-4-q17,vocab_quiz_question,set-4,,pending,FALSE,FALSE,FALSE,FALSE,n/a,n/a,,,
set-4-q18,vocab_quiz_question,set-4,,pending,FALSE,FALSE,FALSE,FALSE,n/a,n/a,,,
set-4-q19,vocab_quiz_question,set-4,,pending,FALSE,FALSE,FALSE,FALSE,n/a,n/a,,,
set-4-q20,vocab_quiz_question,set-4,,pending,FALSE,FALSE,FALSE,FALSE,n/a,n/a,,,
set-5-q1,vocab_quiz_question,set-5,,pending,FALSE,FALSE,FALSE,FALSE,n/a,n/a,,,
set-5-q2,vocab_quiz_question,set-5,,pending,FALSE,FALSE,FALSE,FALSE,n/a,n/a,,,
set-5-q3,vocab_quiz_question,set-5,,pending,FALSE,FALSE,FALSE,FALSE,n/a,n/a,,,
set-5-q4,vocab_quiz_question,set-5,,pending,FALSE,FALSE,FALSE,FALSE,n/a,n/a,,,
set-5-q5,vocab_quiz_question,set-5,,pending,FALSE,FALSE,FALSE,FALSE,n/a,n/a,,,
set-5-q6,vocab_quiz_question,set-5,,pending,FALSE,FALSE,FALSE,FALSE,n/a,n/a,,,
set-5-q7,vocab_quiz_question,set-5,,pending,FALSE,FALSE,FALSE,FALSE,n/a,n/a,,,
set-5-q8,vocab_quiz_question,set-5,,pending,FALSE,FALSE,FALSE,FALSE,n/a,n/a,,,
set-5-q9,vocab_quiz_question,set-5,,pending,FALSE,FALSE,FALSE,FALSE,n/a,n/a,,,
set-5-q10,vocab_quiz_question,set-5,,pending,FALSE,FALSE,FALSE,FALSE,n/a,n/a,,,
set-5-q11,vocab_quiz_question,set-5,,pending,FALSE,FALSE,FALSE,FALSE,n/a,n/a,,,
set-5-q12,vocab_quiz_question,set-5,,pending,FALSE,FALSE,FALSE,FALSE,n/a,n/a,,,
set-5-q13,vocab_quiz_question,set-5,,pending,FALSE,FALSE,FALSE,FALSE,n/a,n/a,,,
set-5-q14,vocab_quiz_question,set-5,,pending,FALSE,FALSE,FALSE,FALSE,n/a,n/a,,,
set-5-q15,vocab_quiz_question,set-5,,pending,FALSE,FALSE,FALSE,FALSE,n/a,n/a,,,
set-5-q16,vocab_quiz_question,set-5,,pending,FALSE,FALSE,FALSE,FALSE,n/a,n/a,,,
set-5-q17,vocab_quiz_question,set-5,,pending,FALSE,FALSE,FALSE,FALSE,n/a,n/a,,,
set-5-q18,vocab_quiz_question,set-5,,pending,FALSE,FALSE,FALSE,FALSE,n/a,n/a,,,
set-5-q19,vocab_quiz_question,set-5,,pending,FALSE,FALSE,FALSE,FALSE,n/a,n/a,,,
set-5-q20,vocab_quiz_question,set-5,,pending,FALSE,FALSE,FALSE,FALSE,n/a,n/a,,,
set-6-q1,vocab_quiz_question,set-6,,pending,FALSE,FALSE,FALSE,FALSE,n/a,n/a,,,
set-6-q2,vocab_quiz_question,set-6,,pending,FALSE,FALSE,FALSE,FALSE,n/a,n/a,,,
set-6-q3,vocab_quiz_question,set-6,,pending,FALSE,FALSE,FALSE,FALSE,n/a,n/a,,,
set-6-q4,vocab_quiz_question,set-6,,pending,FALSE,FALSE,FALSE,FALSE,n/a,n/a,,,
set-6-q5,vocab_quiz_question,set-6,,pending,FALSE,FALSE,FALSE,FALSE,n/a,n/a,,,
set-6-q6,vocab_quiz_question,set-6,,pending,FALSE,FALSE,FALSE,FALSE,n/a,n/a,,,
set-6-q7,vocab_quiz_question,set-6,,pending,FALSE,FALSE,FALSE,FALSE,n/a,n/a,,,
set-6-q8,vocab_quiz_question,set-6,,pending,FALSE,FALSE,FALSE,FALSE,n/a,n/a,,,
set-6-q9,vocab_quiz_question,set-6,,pending,FALSE,FALSE,FALSE,FALSE,n/a,n/a,,,
set-6-q10,vocab_quiz_question,set-6,,pending,FALSE,FALSE,FALSE,FALSE,n/a,n/a,,,
set-6-q11,vocab_quiz_question,set-6,,pending,FALSE,FALSE,FALSE,FALSE,n/a,n/a,,,
set-6-q12,vocab_quiz_question,set-6,,pending,FALSE,FALSE,FALSE,FALSE,n/a,n/a,,,
set-6-q13,vocab_quiz_question,set-6,,pending,FALSE,FALSE,FALSE,FALSE,n/a,n/a,,,
set-6-q14,vocab_quiz_question,set-6,,pending,FALSE,FALSE,FALSE,FALSE,n/a,n/a,,,
set-6-q15,vocab_quiz_question,set-6,,pending,FALSE,FALSE,FALSE,FALSE,n/a,n/a,,,
set-6-q16,vocab_quiz_question,set-6,,pending,FALSE,FALSE,FALSE,FALSE,n/a,n/a,,,
set-6-q17,vocab_quiz_question,set-6,,pending,FALSE,FALSE,FALSE,FALSE,n/a,n/a,,,
set-6-q18,vocab_quiz_question,set-6,,pending,FALSE,FALSE,FALSE,FALSE,n/a,n/a,,,
set-6-q19,vocab_quiz_question,set-6,,pending,FALSE,FALSE,FALSE,FALSE,n/a,n/a,,,
set-6-q20,vocab_quiz_question,set-6,,pending,FALSE,FALSE,FALSE,FALSE,n/a,n/a,,,
set-7-q1,vocab_quiz_question,set-7,,pending,FALSE,FALSE,FALSE,FALSE,n/a,n/a,,,
set-7-q2,vocab_quiz_question,set-7,,pending,FALSE,FALSE,FALSE,FALSE,n/a,n/a,,,
set-7-q3,vocab_quiz_question,set-7,,pending,FALSE,FALSE,FALSE,FALSE,n/a,n/a,,,
set-7-q4,vocab_quiz_question,set-7,,pending,FALSE,FALSE,FALSE,FALSE,n/a,n/a,,,
set-7-q5,vocab_quiz_question,set-7,,pending,FALSE,FALSE,FALSE,FALSE,n/a,n/a,,,
set-7-q6,vocab_quiz_question,set-7,,pending,FALSE,FALSE,FALSE,FALSE,n/a,n/a,,,
set-7-q7,vocab_quiz_question,set-7,,pending,FALSE,FALSE,FALSE,FALSE,n/a,n/a,,,
set-7-q8,vocab_quiz_question,set-7,,pending,FALSE,FALSE,FALSE,FALSE,n/a,n/a,,,
set-7-q9,vocab_quiz_question,set-7,,pending,FALSE,FALSE,FALSE,FALSE,n/a,n/a,,,
set-7-q10,vocab_quiz_question,set-7,,pending,FALSE,FALSE,FALSE,FALSE,n/a,n/a,,,
set-7-q11,vocab_quiz_question,set-7,,pending,FALSE,FALSE,FALSE,FALSE,n/a,n/a,,,
set-7-q12,vocab_quiz_question,set-7,,pending,FALSE,FALSE,FALSE,FALSE,n/a,n/a,,,
set-7-q13,vocab_quiz_question,set-7,,pending,FALSE,FALSE,FALSE,FALSE,n/a,n/a,,,
set-7-q14,vocab_quiz_question,set-7,,pending,FALSE,FALSE,FALSE,FALSE,n/a,n/a,,,
set-7-q15,vocab_quiz_question,set-7,,pending,FALSE,FALSE,FALSE,FALSE,n/a,n/a,,,
set-7-q16,vocab_quiz_question,set-7,,pending,FALSE,FALSE,FALSE,FALSE,n/a,n/a,,,
set-7-q17,vocab_quiz_question,set-7,,pending,FALSE,FALSE,FALSE,FALSE,n/a,n/a,,,
set-7-q18,vocab_quiz_question,set-7,,pending,FALSE,FALSE,FALSE,FALSE,n/a,n/a,,,
set-7-q19,vocab_quiz_question,set-7,,pending,FALSE,FALSE,FALSE,FALSE,n/a,n/a,,,
set-7-q20,vocab_quiz_question,set-7,,pending,FALSE,FALSE,FALSE,FALSE,n/a,n/a,,,
set-8-q1,vocab_quiz_question,set-8,,pending,FALSE,FALSE,FALSE,FALSE,n/a,n/a,,,
set-8-q2,vocab_quiz_question,set-8,,pending,FALSE,FALSE,FALSE,FALSE,n/a,n/a,,,
set-8-q3,vocab_quiz_question,set-8,,pending,FALSE,FALSE,FALSE,FALSE,n/a,n/a,,,
set-8-q4,vocab_quiz_question,set-8,,pending,FALSE,FALSE,FALSE,FALSE,n/a,n/a,,,
set-8-q5,vocab_quiz_question,set-8,,pending,FALSE,FALSE,FALSE,FALSE,n/a,n/a,,,
set-8-q6,vocab_quiz_question,set-8,,pending,FALSE,FALSE,FALSE,FALSE,n/a,n/a,,,
set-8-q7,vocab_quiz_question,set-8,,pending,FALSE,FALSE,FALSE,FALSE,n/a,n/a,,,
set-8-q8,vocab_quiz_question,set-8,,pending,FALSE,FALSE,FALSE,FALSE,n/a,n/a,,,
set-8-q9,vocab_quiz_question,set-8,,pending,FALSE,FALSE,FALSE,FALSE,n/a,n/a,,,
set-8-q10,vocab_quiz_question,set-8,,pending,FALSE,FALSE,FALSE,FALSE,n/a,n/a,,,
set-8-q11,vocab_quiz_question,set-8,,pending,FALSE,FALSE,FALSE,FALSE,n/a,n/a,,,
set-8-q12,vocab_quiz_question,set-8,,pending,FALSE,FALSE,FALSE,FALSE,n/a,n/a,,,
set-8-q13,vocab_quiz_question,set-8,,pending,FALSE,FALSE,FALSE,FALSE,n/a,n/a,,,
set-8-q14,vocab_quiz_question,set-8,,pending,FALSE,FALSE,FALSE,FALSE,n/a,n/a,,,
set-8-q15,vocab_quiz_question,set-8,,pending,FALSE,FALSE,FALSE,FALSE,n/a,n/a,,,
set-8-q16,vocab_quiz_question,set-8,,pending,FALSE,FALSE,FALSE,FALSE,n/a,n/a,,,
set-8-q17,vocab_quiz_question,set-8,,pending,FALSE,FALSE,FALSE,FALSE,n/a,n/a,,,
set-8-q18,vocab_quiz_question,set-8,,pending,FALSE,FALSE,FALSE,FALSE,n/a,n/a,,,
set-8-q19,vocab_quiz_question,set-8,,pending,FALSE,FALSE,FALSE,FALSE,n/a,n/a,,,
set-8-q20,vocab_quiz_question,set-8,,pending,FALSE,FALSE,FALSE,FALSE,n/a,n/a,,,
set-9-q1,vocab_quiz_question,set-9,,pending,FALSE,FALSE,FALSE,FALSE,n/a,n/a,,,
set-9-q2,vocab_quiz_question,set-9,,pending,FALSE,FALSE,FALSE,FALSE,n/a,n/a,,,
set-9-q3,vocab_quiz_question,set-9,,pending,FALSE,FALSE,FALSE,FALSE,n/a,n/a,,,
set-9-q4,vocab_quiz_question,set-9,,pending,FALSE,FALSE,FALSE,FALSE,n/a,n/a,,,
set-9-q5,vocab_quiz_question,set-9,,pending,FALSE,FALSE,FALSE,FALSE,n/a,n/a,,,
set-9-q6,vocab_quiz_question,set-9,,pending,FALSE,FALSE,FALSE,FALSE,n/a,n/a,,,
set-9-q7,vocab_quiz_question,set-9,,pending,FALSE,FALSE,FALSE,FALSE,n/a,n/a,,,
set-9-q8,vocab_quiz_question,set-9,,pending,FALSE,FALSE,FALSE,FALSE,n/a,n/a,,,
set-9-q9,vocab_quiz_question,set-9,,pending,FALSE,FALSE,FALSE,FALSE,n/a,n/a,,,
set-9-q10,vocab_quiz_question,set-9,,pending,FALSE,FALSE,FALSE,FALSE,n/a,n/a,,,
set-9-q11,vocab_quiz_question,set-9,,pending,FALSE,FALSE,FALSE,FALSE,n/a,n/a,,,
set-9-q12,vocab_quiz_question,set-9,,pending,FALSE,FALSE,FALSE,FALSE,n/a,n/a,,,
set-9-q13,vocab_quiz_question,set-9,,pending,FALSE,FALSE,FALSE,FALSE,n/a,n/a,,,
set-9-q14,vocab_quiz_question,set-9,,pending,FALSE,FALSE,FALSE,FALSE,n/a,n/a,,,
set-9-q15,vocab_quiz_question,set-9,,pending,FALSE,FALSE,FALSE,FALSE,n/a,n/a,,,
set-9-q16,vocab_quiz_question,set-9,,pending,FALSE,FALSE,FALSE,FALSE,n/a,n/a,,,
set-9-q17,vocab_quiz_question,set-9,,pending,FALSE,FALSE,FALSE,FALSE,n/a,n/a,,,
set-9-q18,vocab_quiz_question,set-9,,pending,FALSE,FALSE,FALSE,FALSE,n/a,n/a,,,
set-9-q19,vocab_quiz_question,set-9,,pending,FALSE,FALSE,FALSE,FALSE,n/a,n/a,,,
set-9-q20,vocab_quiz_question,set-9,,pending,FALSE,FALSE,FALSE,FALSE,n/a,n/a,,,
set-10-q1,vocab_quiz_question,set-10,,pending,FALSE,FALSE,FALSE,FALSE,n/a,n/a,,,
set-10-q2,vocab_quiz_question,set-10,,pending,FALSE,FALSE,FALSE,FALSE,n/a,n/a,,,
set-10-q3,vocab_quiz_question,set-10,,pending,FALSE,FALSE,FALSE,FALSE,n/a,n/a,,,
set-10-q4,vocab_quiz_question,set-10,,pending,FALSE,FALSE,FALSE,FALSE,n/a,n/a,,,
set-10-q5,vocab_quiz_question,set-10,,pending,FALSE,FALSE,FALSE,FALSE,n/a,n/a,,,
set-10-q6,vocab_quiz_question,set-10,,pending,FALSE,FALSE,FALSE,FALSE,n/a,n/a,,,
set-10-q7,vocab_quiz_question,set-10,,pending,FALSE,FALSE,FALSE,FALSE,n/a,n/a,,,
set-10-q8,vocab_quiz_question,set-10,,pending,FALSE,FALSE,FALSE,FALSE,n/a,n/a,,,
set-10-q9,vocab_quiz_question,set-10,,pending,FALSE,FALSE,FALSE,FALSE,n/a,n/a,,,
set-10-q10,vocab_quiz_question,set-10,,pending,FALSE,FALSE,FALSE,FALSE,n/a,n/a,,,
set-11-q1,vocab_quiz_question,set-11,,pending,FALSE,FALSE,FALSE,FALSE,n/a,n/a,,,
set-11-q2,vocab_quiz_question,set-11,,pending,FALSE,FALSE,FALSE,FALSE,n/a,n/a,,,
set-11-q3,vocab_quiz_question,set-11,,pending,FALSE,FALSE,FALSE,FALSE,n/a,n/a,,,
set-11-q4,vocab_quiz_question,set-11,,pending,FALSE,FALSE,FALSE,FALSE,n/a,n/a,,,
set-11-q5,vocab_quiz_question,set-11,,pending,FALSE,FALSE,FALSE,FALSE,n/a,n/a,,,
set-11-q6,vocab_quiz_question,set-11,,pending,FALSE,FALSE,FALSE,FALSE,n/a,n/a,,,
set-11-q7,vocab_quiz_question,set-11,,pending,FALSE,FALSE,FALSE,FALSE,n/a,n/a,,,
set-11-q8,vocab_quiz_question,set-11,,pending,FALSE,FALSE,FALSE,FALSE,n/a,n/a,,,
set-11-q9,vocab_quiz_question,set-11,,pending,FALSE,FALSE,FALSE,FALSE,n/a,n/a,,,
set-11-q10,vocab_quiz_question,set-11,,pending,FALSE,FALSE,FALSE,FALSE,n/a,n/a,,,
clue-positive-w1,clue_word,positive,,pending,FALSE,FALSE,n/a,n/a,n/a,n/a,,,
clue-positive-w2,clue_word,positive,,pending,FALSE,FALSE,n/a,n/a,n/a,n/a,,,
clue-positive-w3,clue_word,positive,,pending,FALSE,FALSE,n/a,n/a,n/a,n/a,,,
clue-positive-w4,clue_word,positive,,pending,FALSE,FALSE,n/a,n/a,n/a,n/a,,,
clue-positive-w5,clue_word,positive,,pending,FALSE,FALSE,n/a,n/a,n/a,n/a,,,
clue-positive-w6,clue_word,positive,,pending,FALSE,FALSE,n/a,n/a,n/a,n/a,,,
clue-positive-w7,clue_word,positive,,pending,FALSE,FALSE,n/a,n/a,n/a,n/a,,,
clue-positive-w8,clue_word,positive,,pending,FALSE,FALSE,n/a,n/a,n/a,n/a,,,
clue-positive-w9,clue_word,positive,,pending,FALSE,FALSE,n/a,n/a,n/a,n/a,,,
clue-positive-w10,clue_word,positive,,pending,FALSE,FALSE,n/a,n/a,n/a,n/a,,,
clue-positive-w11,clue_word,positive,,pending,FALSE,FALSE,n/a,n/a,n/a,n/a,,,
clue-positive-w12,clue_word,positive,,pending,FALSE,FALSE,n/a,n/a,n/a,n/a,,,
clue-positive-w13,clue_word,positive,,pending,FALSE,FALSE,n/a,n/a,n/a,n/a,,,
clue-positive-w14,clue_word,positive,,pending,FALSE,FALSE,n/a,n/a,n/a,n/a,,,
clue-positive-w15,clue_word,positive,,pending,FALSE,FALSE,n/a,n/a,n/a,n/a,,,
clue-positive-w16,clue_word,positive,,pending,FALSE,FALSE,n/a,n/a,n/a,n/a,,,
clue-positive-w17,clue_word,positive,,pending,FALSE,FALSE,n/a,n/a,n/a,n/a,,,
clue-positive-w18,clue_word,positive,,pending,FALSE,FALSE,n/a,n/a,n/a,n/a,,,
clue-positive-w19,clue_word,positive,,pending,FALSE,FALSE,n/a,n/a,n/a,n/a,,,
clue-positive-w20,clue_word,positive,,pending,FALSE,FALSE,n/a,n/a,n/a,n/a,,,
clue-positive-w21,clue_word,positive,,pending,FALSE,FALSE,n/a,n/a,n/a,n/a,,,
clue-positive-w22,clue_word,positive,,pending,FALSE,FALSE,n/a,n/a,n/a,n/a,,,
clue-positive-w23,clue_word,positive,,pending,FALSE,FALSE,n/a,n/a,n/a,n/a,,,
clue-positive-w24,clue_word,positive,,pending,FALSE,FALSE,n/a,n/a,n/a,n/a,,,
clue-positive-w25,clue_word,positive,,pending,FALSE,FALSE,n/a,n/a,n/a,n/a,,,
clue-positive-w26,clue_word,positive,,pending,FALSE,FALSE,n/a,n/a,n/a,n/a,,,
clue-negative-w1,clue_word,negative,,pending,FALSE,FALSE,n/a,n/a,n/a,n/a,,,
clue-negative-w2,clue_word,negative,,pending,FALSE,FALSE,n/a,n/a,n/a,n/a,,,
clue-negative-w3,clue_word,negative,,pending,FALSE,FALSE,n/a,n/a,n/a,n/a,,,
clue-negative-w4,clue_word,negative,,pending,FALSE,FALSE,n/a,n/a,n/a,n/a,,,
clue-negative-w5,clue_word,negative,,pending,FALSE,FALSE,n/a,n/a,n/a,n/a,,,
clue-negative-w6,clue_word,negative,,pending,FALSE,FALSE,n/a,n/a,n/a,n/a,,,
clue-negative-w7,clue_word,negative,,pending,FALSE,FALSE,n/a,n/a,n/a,n/a,,,
clue-negative-w8,clue_word,negative,,pending,FALSE,FALSE,n/a,n/a,n/a,n/a,,,
clue-negative-w9,clue_word,negative,,pending,FALSE,FALSE,n/a,n/a,n/a,n/a,,,
clue-negative-w10,clue_word,negative,,pending,FALSE,FALSE,n/a,n/a,n/a,n/a,,,
clue-negative-w11,clue_word,negative,,pending,FALSE,FALSE,n/a,n/a,n/a,n/a,,,
clue-negative-w12,clue_word,negative,,pending,FALSE,FALSE,n/a,n/a,n/a,n/a,,,
clue-negative-w13,clue_word,negative,,pending,FALSE,FALSE,n/a,n/a,n/a,n/a,,,
clue-negative-w14,clue_word,negative,,pending,FALSE,FALSE,n/a,n/a,n/a,n/a,,,
clue-negative-w15,clue_word,negative,,pending,FALSE,FALSE,n/a,n/a,n/a,n/a,,,
clue-negative-w16,clue_word,negative,,pending,FALSE,FALSE,n/a,n/a,n/a,n/a,,,
clue-negative-w17,clue_word,negative,,pending,FALSE,FALSE,n/a,n/a,n/a,n/a,,,
clue-negative-w18,clue_word,negative,,pending,FALSE,FALSE,n/a,n/a,n/a,n/a,,,
clue-negative-w19,clue_word,negative,,pending,FALSE,FALSE,n/a,n/a,n/a,n/a,,,
clue-negative-w20,clue_word,negative,,pending,FALSE,FALSE,n/a,n/a,n/a,n/a,,,
clue-negative-w21,clue_word,negative,,pending,FALSE,FALSE,n/a,n/a,n/a,n/a,,,
clue-negative-w22,clue_word,negative,,pending,FALSE,FALSE,n/a,n/a,n/a,n/a,,,
clue-negative-w23,clue_word,negative,,pending,FALSE,FALSE,n/a,n/a,n/a,n/a,,,
clue-negative-w24,clue_word,negative,,pending,FALSE,FALSE,n/a,n/a,n/a,n/a,,,
clue-negative-w25,clue_word,negative,,pending,FALSE,FALSE,n/a,n/a,n/a,n/a,,,
clue-negative-w26,clue_word,negative,,pending,FALSE,FALSE,n/a,n/a,n/a,n/a,,,
clue-negative-w27,clue_word,negative,,pending,FALSE,FALSE,n/a,n/a,n/a,n/a,,,
clue-negative-w28,clue_word,negative,,pending,FALSE,FALSE,n/a,n/a,n/a,n/a,,,
clue-negative-w29,clue_word,negative,,pending,FALSE,FALSE,n/a,n/a,n/a,n/a,,,
clue-positive-q1,clue_quiz_question,positive,,pending,FALSE,FALSE,FALSE,FALSE,n/a,n/a,,,
clue-positive-q2,clue_quiz_question,positive,,pending,FALSE,FALSE,FALSE,FALSE,n/a,n/a,,,
clue-positive-q3,clue_quiz_question,positive,,pending,FALSE,FALSE,FALSE,FALSE,n/a,n/a,,,
clue-positive-q4,clue_quiz_question,positive,,pending,FALSE,FALSE,FALSE,FALSE,n/a,n/a,,,
clue-positive-q5,clue_quiz_question,positive,,pending,FALSE,FALSE,FALSE,FALSE,n/a,n/a,,,
clue-positive-q6,clue_quiz_question,positive,,pending,FALSE,FALSE,FALSE,FALSE,n/a,n/a,,,
clue-positive-q7,clue_quiz_question,positive,,pending,FALSE,FALSE,FALSE,FALSE,n/a,n/a,,,
clue-positive-q8,clue_quiz_question,positive,,pending,FALSE,FALSE,FALSE,FALSE,n/a,n/a,,,
clue-positive-q9,clue_quiz_question,positive,,pending,FALSE,FALSE,FALSE,FALSE,n/a,n/a,,,
clue-positive-q10,clue_quiz_question,positive,,pending,FALSE,FALSE,FALSE,FALSE,n/a,n/a,,,
clue-positive-q11,clue_quiz_question,positive,,pending,FALSE,FALSE,FALSE,FALSE,n/a,n/a,,,
clue-positive-q12,clue_quiz_question,positive,,pending,FALSE,FALSE,FALSE,FALSE,n/a,n/a,,,
clue-positive-q13,clue_quiz_question,positive,,pending,FALSE,FALSE,FALSE,FALSE,n/a,n/a,,,
clue-positive-q14,clue_quiz_question,positive,,pending,FALSE,FALSE,FALSE,FALSE,n/a,n/a,,,
clue-positive-q15,clue_quiz_question,positive,,pending,FALSE,FALSE,FALSE,FALSE,n/a,n/a,,,
clue-negative-q1,clue_quiz_question,negative,,pending,FALSE,FALSE,FALSE,FALSE,n/a,n/a,,,
clue-negative-q2,clue_quiz_question,negative,,pending,FALSE,FALSE,FALSE,FALSE,n/a,n/a,,,
clue-negative-q3,clue_quiz_question,negative,,pending,FALSE,FALSE,FALSE,FALSE,n/a,n/a,,,
clue-negative-q4,clue_quiz_question,negative,,pending,FALSE,FALSE,FALSE,FALSE,n/a,n/a,,,
clue-negative-q5,clue_quiz_question,negative,,pending,FALSE,FALSE,FALSE,FALSE,n/a,n/a,,,
clue-negative-q6,clue_quiz_question,negative,,pending,FALSE,FALSE,FALSE,FALSE,n/a,n/a,,,
clue-negative-q7,clue_quiz_question,negative,,pending,FALSE,FALSE,FALSE,FALSE,n/a,n/a,,,
clue-negative-q8,clue_quiz_question,negative,,pending,FALSE,FALSE,FALSE,FALSE,n/a,n/a,,,
clue-negative-q9,clue_quiz_question,negative,,pending,FALSE,FALSE,FALSE,FALSE,n/a,n/a,,,
clue-negative-q10,clue_quiz_question,negative,,pending,FALSE,FALSE,FALSE,FALSE,n/a,n/a,,,
clue-negative-q11,clue_quiz_question,negative,,pending,FALSE,FALSE,FALSE,FALSE,n/a,n/a,,,
clue-negative-q12,clue_quiz_question,negative,,pending,FALSE,FALSE,FALSE,FALSE,n/a,n/a,,,
clue-negative-q13,clue_quiz_question,negative,,pending,FALSE,FALSE,FALSE,FALSE,n/a,n/a,,,
clue-negative-q14,clue_quiz_question,negative,,pending,FALSE,FALSE,FALSE,FALSE,n/a,n/a,,,
clue-negative-q15,clue_quiz_question,negative,,pending,FALSE,FALSE,FALSE,FALSE,n/a,n/a,,,
passenger_safety__seatbelt-child-safety,topic_lesson,passenger_safety,,pending,FALSE,FALSE,n/a,n/a,n/a,n/a,,,
passenger_safety__passenger-assistance-safe-exit,topic_lesson,passenger_safety,,pending,FALSE,FALSE,n/a,n/a,n/a,n/a,,,
passenger_safety__school-daycare-transport-safety,topic_lesson,passenger_safety,,pending,FALSE,FALSE,n/a,n/a,n/a,n/a,,,
passenger_safety__general-taxi-driver-responsibility,topic_lesson,passenger_safety,,pending,FALSE,FALSE,n/a,n/a,n/a,n/a,,,
passenger_safety__accessibility-securement,topic_lesson,passenger_safety,,pending,FALSE,FALSE,n/a,n/a,n/a,n/a,,,
passenger_safety__emergency-risky-behaviour-traffic-safety,topic_lesson,passenger_safety,,pending,FALSE,FALSE,n/a,n/a,n/a,n/a,,,
special_needs__communication-with-special-groups,topic_lesson,special_needs,,pending,FALSE,FALSE,n/a,n/a,n/a,n/a,,,
special_needs__hearing-impairment,topic_lesson,special_needs,,pending,FALSE,FALSE,n/a,n/a,n/a,n/a,,,
special_needs__visual-impairment-guide-dog,topic_lesson,special_needs,,pending,FALSE,FALSE,n/a,n/a,n/a,n/a,,,
special_needs__wheelchair-accessibility-assistance,topic_lesson,special_needs,,pending,FALSE,FALSE,n/a,n/a,n/a,n/a,,,
special_needs__medical-special-need-assistance,topic_lesson,special_needs,,pending,FALSE,FALSE,n/a,n/a,n/a,n/a,,,
special_needs__payment-receipt-kela-fare,topic_lesson,special_needs,,pending,FALSE,FALSE,n/a,n/a,n/a,n/a,,,
special_needs__seatbelt-safety-devices,topic_lesson,special_needs,,pending,FALSE,FALSE,n/a,n/a,n/a,n/a,,,
special_needs__general-duties-school-traffic-rules,topic_lesson,special_needs,,pending,FALSE,FALSE,n/a,n/a,n/a,n/a,,,
customer_service__payment-receipt-kela-fare,topic_lesson,customer_service,,pending,FALSE,FALSE,n/a,n/a,n/a,n/a,,,
customer_service__general-customer-service-attitude,topic_lesson,customer_service,,pending,FALSE,FALSE,n/a,n/a,n/a,n/a,,,
customer_service__conversation-service-style-language,topic_lesson,customer_service,,pending,FALSE,FALSE,n/a,n/a,n/a,n/a,,,
customer_service__phone-messages-communication-tools,topic_lesson,customer_service,,pending,FALSE,FALSE,n/a,n/a,n/a,n/a,,,
customer_service__trip-route-luggage-action-words,topic_lesson,customer_service,,pending,FALSE,FALSE,n/a,n/a,n/a,n/a,,,
customer_service__complaints-service-quality,topic_lesson,customer_service,,pending,FALSE,FALSE,n/a,n/a,n/a,n/a,,,
customer_service__customer-requests-alcohol-difficult-situations,topic_lesson,customer_service,,pending,FALSE,FALSE,n/a,n/a,n/a,n/a,,,
customer_service__safety-police-emergency-legal-duties,topic_lesson,customer_service,,pending,FALSE,FALSE,n/a,n/a,n/a,n/a,,,
customer_service__passenger-assistance-special-cases,topic_lesson,customer_service,,pending,FALSE,FALSE,n/a,n/a,n/a,n/a,,,
traffic_safety__traffic-safety-driving-rules,topic_lesson,traffic_safety,,pending,FALSE,FALSE,n/a,n/a,n/a,n/a,,,
traffic_safety__police-emergency-risky-behaviour,topic_lesson,traffic_safety,,pending,FALSE,FALSE,n/a,n/a,n/a,n/a,,,
traffic_safety__licences-duties-legal-rules,topic_lesson,traffic_safety,,pending,FALSE,FALSE,n/a,n/a,n/a,n/a,,,
traffic_safety__alcohol-interlock-alcohol-rules,topic_lesson,traffic_safety,,pending,FALSE,FALSE,n/a,n/a,n/a,n/a,,,
traffic_safety__general-taxi-driver-duties,topic_lesson,traffic_safety,,pending,FALSE,FALSE,n/a,n/a,n/a,n/a,,,
traffic_safety__school-daycare-transport-safety,topic_lesson,traffic_safety,,pending,FALSE,FALSE,n/a,n/a,n/a,n/a,,,
exam_overview,guide_section,,,pending,n/a,FALSE,n/a,n/a,n/a,n/a,,,
licence_process,guide_section,,,pending,n/a,FALSE,n/a,n/a,n/a,n/a,,,
categories,guide_section,,,pending,n/a,FALSE,n/a,n/a,n/a,n/a,,,
exam_day,guide_section,,,pending,n/a,FALSE,n/a,n/a,n/a,n/a,,,
clue_method,guide_section,,,pending,n/a,FALSE,n/a,n/a,n/a,n/a,,,
